,name,english_title,monster_type,generation,element,ailments,weakest_to,habitats,related_monsters
0,Soulseer Mizutsune,['Soulseer Mizutsune'],Leviathan,Fourth,"['Water', 'Fire']","['Fireblight', 'Waterblight']","['Thunder', 'Dragon']","['Primal Forest', 'Jungle', 'Sacred Pinnacle']",['MizutsuneApex MizutsuneThunderbubble MizutsuneAlmudron']
1,Conga,['Conga'],Fanged Beast,Second,[],['Soiled'],['Fire'],"['Jungle', 'Swamp', 'Great Forest', 'Sunken Hollow', 'Primal Forest', ""Heaven's Mount"", 'Everwood', 'Jurassic Frontier', 'Marshlands', 'Ruined Pinnacle', 'Flower Field', 'Kumbel Wetlands', 'Babda Rainforest', 'Peculiar Den']","['Congalala', 'Emerald Congalala', 'Gold Congalala', 'Blango', 'Blangonga', 'Copper Blangonga', 'Rajang', 'Furious Rajang']"
2,Hermitaur,['Hermitaur'],Carapaceon,Second,[],[],['Thunder'],"['Old Desert', 'Jungle', 'Desert', 'Swamp', 'Great Forest', 'Deserted Island', 'Primal Forest', 'Everwood', 'Dunes', 'Marshlands', 'Ruined Pinnacle', 'Shrine Ruins', 'Sandy Plains (MHRise)', 'Jungle (MHRS)', 'Solitude Island Depths', 'Painted Waterfalls', 'Kumbel Wetlands', 'Dark Veil Forest', 'Esther Lake', 'Ancestral Tomb', 'Firefly Mountain Stream', 'Pondry Hills', 'Whistill Forest', 'Trese Desert']","['Daimyo Hermitaur', 'Stonefist Hermitaur', 'Plum Daimyo Hermitaur', 'Gonngenn Hermitaur', 'Zenith Daimyo Hermitaur Ceanataur', 'Shogun Ceanataur', 'Swordmaster Shogun Ceanataur', 'Terra Shogun Ceanataur', 'Rustrazor Ceanataur', 'Onimusha']"
3,Brachydios,['Crushing Wyvern'],Brute Wyvern,Third,['Fire'],"['Blastscourge', 'Fireblight', 'Slimeblight', 'Blastblight']","['Water', 'Ice']",[],['Raging BrachydiosUnit-01 BrachydiosIceblast Brachydios']
4,Gajau,['Gajau'],Fish (Third Generation and World v.3 onwards)Piscine Wyvern (Pre-World v.3),Third,[],[],"['Fire', 'Thunder']",[],[]
5,White Monoblos,['White Monoblos'],Flying Wyvern,First,[],[],['Thunder'],[],['MonoblosShattered MonoblosDiablosBlack DiablosVarusaburosuGraviosBlack GraviosBasariosRuby BasariosCrystal BasariosSandstone Basarios']
6,Tzitzi-Ya-Ku,['Tzitzi-Ya-Ku'],Bird Wyvern,Fifth,[],['Stun'],"['Thunder', 'Ice']",['Guiding Lands'],['Kulu-Ya-Ku']
7,Shah Dalamadur,['Shah Dalamadur'],Elder Dragon,Fourth,[],['Paralysis'],"['Dragon', 'Thunder', 'Ice']",[],['Dalamadur']
8,Azure Rathalos,['Azure Fire Wyvern'],Flying Wyvern,First,['Fire'],"['Fireblight', 'Poison', 'Stun']","['Water', 'Dragon', 'Ice']","['Old Volcano', 'Volcano', 'Tower', 'Tower 3', 'Deserted Island', 'Volcano (3rd)', 'Misty Peaks', 'Sunken Hollow', 'Volcanic Hollow', ""Heaven's Mount"", 'Tower Summit', 'Everwood', 'Ancient Forest', ""Elder's Recess"", 'Guiding Lands', 'Thunderous Sands', 'Ancestral Tomb', 'Ghost Rune Volcanoes', 'Firefly Mountain Stream', 'Pondry Hills']","['Rathalos', 'Dreadking Rathalos', 'Flame Rathalos', 'Destruction Wyvern Rathalos', 'Silver Rathalos', 'Rathian', 'Scorching Heat Rathian', 'Conflagration Rathian', 'Pink Rathian', 'Dreadqueen Rathian', 'Gold Rathian', 'Zerureusu']"
9,Shrieking Legiana,['Wind Drifting Wyvern'],Flying Wyvern,Fifth,['Ice'],['Iceblight'],"['Fire', 'Thunder']",['Guiding Lands'],['Legiana']
10,Bishaten,"['Tengu Beast', 'Frenetic Ascetic']",Fanged Beast,Fifth,[],"['Poison', 'Paralysis', 'Stun']","['Fire', 'Ice']",[],['Blood Orange BishatenKecha WachaAsh Kecha Wacha']
11,Cephadrome,['Sand Wyvern'],Piscine Wyvern,First,['Water'],"['Waterblight', 'Paralysis']","['Thunder', 'Ice']","['Desert', 'Dunes', 'Thunderous Sands', 'Moonlands', 'Trese Desert']","['Cephalos', 'Plesioth', 'Seabream Plesioth', 'Whitewater Plesioth', 'Green Plesioth', 'Zenith Plesioth', 'Jyuratodus', 'Beotodus', 'Goruganosu', 'Lavasioth', 'Aruganosu', 'Lavasioth Subspecies']"
12,Savage Deviljho,['Terrifying Violent Wyvern'],Brute Wyvern,Third,"['Water', 'Dragon']","['Dragonblight', 'Fireblight', 'Waterblight', 'Iceblight']","['Thunder', 'Dragon']","['Flooded Forest', 'Tundra', 'Sandy Plains', 'Volcano (3rd)', 'Misty Peaks', 'Ancestral Steppe', 'Sunken Hollow', 'Primal Forest', 'Frozen Seaway', 'Volcanic Hollow', ""Heaven's Mount"", 'Dunes', 'Arctic Ridge', 'Verdant Hills', 'Volcano', 'Desert', 'Polar Field', 'Ancient Forest', 'Wildspire Waste', 'Coral Highlands', 'Rotten Vale', ""Elder's Recess"", 'Hoarfrost Reach', 'Guiding Lands']","['Deviljho', 'Aberrant Deviljho', 'Abiorugu', 'Giaorugu', 'Starving Deviljho', 'Four Heavenly King Deviljho', 'Zenith Giaorugu']"
13,Chaotic Gore Magala,['Chaotic Gore Magala'],???[1]Elder Dragon[2],Fourth,[],[],"['Fire', 'Dragon']",[],"['Gore Magala', 'Shagaru Magala']"
14,Gravios,['Gravios'],Flying Wyvern,First,['Fire'],"['Fireblight', 'Sleep']",['Water'],[],"['Zenith Gravios', 'Black Gravios', 'Basarios', 'Crystal Basarios', 'Ruby Basarios', 'Sandstone Basarios', 'Gureadomosu', 'Diablos', 'Black Diablos', 'Monoblos', 'Shattered Monoblos', 'White Monoblos', 'Varusaburosu', 'Espinas', 'Zenith Espinas', 'Espinas Subspecies', 'Espinas Rare Species', 'Meraginasu']"
15,Safi'jiiva,['Red Dragon'],Elder Dragon,Fifth,[],['Fireblight'],[],[],"[""Xeno'jiiva""]"
16,Amatsu,['Amatsu'],Elder Dragon,Third,"['Water', 'Dragon']","['Dragonblight', 'Waterblight']","['Fire', 'Dragon']",[],['None']
17,Barroth,['Barroth'],Brute Wyvern,Third,['Water'],"['Waterblight', 'Muddy']","['Water', 'Fire', 'Ice']",[],['Jade BarrothBarroth EXThanksalot Barroth']
18,Bazelgeuse,"['Explosive Scale Wyvern', 'Party Crasher', 'Bomber Wyvern', 'The Invading Tyrant']",Flying Wyvern,Fifth,['Fire'],"['Fireblight', 'Blastblight']","['Ice', 'Thunder', 'Dragon']",[],['Seething Bazelgeuse']
19,Scarred Yian Garuga,['Black Wolf Bird'],Bird Wyvern,First,['Fire'],"['Fireblight', 'Poison']","['Water', 'Dragon', 'Ice']","['Jungle', 'Everwood', 'Ancient Forest', 'Guiding Lands']","['Yian Garuga', 'Deadeye Yian Garuga', 'One-Eared Yian Garuga', 'Yian Kut Ku', 'Blue Yian Kut-Ku']"
20,Viper Tobi-Kadachi,['Viper Tobi-Kadachi'],Fanged Wyvern,Fifth,[],"['Poison', 'Paralysis']","['Thunder', 'Ice']",[],['Tobi-Kadachi']
21,Boltreaver Astalos,['Boltreaver Astalos'],Flying Wyvern,Fourth,['Thunder'],"['Paralysis', 'Thunderblight']","['Water', 'Ice']","['Ancestral Steppe', 'Marshlands', 'Ingle Isle', 'Sanctuary']",['Astalos']
22,Pink Rathian,['Pink Rathian'],Flying Wyvern,First,['Fire'],"['Fireblight', 'Poison']","['Water', 'Thunder', 'Dragon']","['Old Jungle', 'Jungle', 'Desert', 'Tower', 'Tower 3', 'Deserted Island', 'Flooded Forest', 'Sandy Plains', 'Misty Peaks', 'Sunken Hollow', ""Heaven's Mount"", 'Tower Summit', 'Everwood', 'Dunes', 'Wildspire Waste', 'Coral Highlands', 'Guiding Lands', 'Dawnwind Valley', 'Ancestral Tomb', 'Ghost Rune Volcanoes', 'Ancient Tower', 'Perennial Pass']","['Rathian', 'Dreadqueen Rathian', 'Scorching Heat Rathian', 'Conflagration Rathian', 'Gold Rathian', 'Azure Rathalos']"
23,Ash Kecha Wacha,['White Monkey Fox'],Fanged Beast,Fourth,['Fire'],['Fireblight'],"['Water', 'Thunder', 'Ice']",[],['Kecha WachaBishatenBlood Orange Bishaten']
24,Gajalaka,['Gajalaka'],Lynian,Fifth,[],"['Poison', 'Paralysis', 'Sleep']",['Thunder'],"['Wildspire Waste', 'Coral Highlands', 'Rotten Vale', ""Elder's Recess"", 'Caverns of El Dorado', 'Hoarfrost Reach', 'Guiding Lands']",['Shakalaka']
25,Jyuratodus,['Jyuratodus'],Piscine Wyvern,Fifth,['Water'],"['Waterblight', 'Muddy']","['Water', 'Thunder']",[],['LavasiothLavasioth SubspeciesBeotodusPlesiothGreen PlesiothZenith PlesiothSeabream PlesiothWhitewater PlesiothCephalosCephadromeAruganosuGoruganosu']
26,Seltas,['Piercing Beetle'],Neopteron,Fourth,[],['Fatigue'],"['Fire', 'Thunder']","['Everwood', 'Sunken Hollow', ""Heaven's Mount"", 'Primal Forest', 'Jurassic Frontier', 'Jungle']","['Desert Seltas', 'Seltas Queen', 'Desert Seltas Queen']"
27,Goss Harag,"['Snow Oni Beast', 'The Limb Reaper']",Fanged Beast,Fifth,['Ice'],"['Iceblight', 'Stun']","['Fire', 'Thunder']",[],['LagombiSnowbaron LagombiWitch LagombiArzurosRedhelm ArzurosApex ArzurosKumashiraVolvidonBlack Star Beast VolvidonChristmas VolvidonCanyneBombadgy']
28,King Shakalaka,['King Shakalaka'],Lynian,Second,['Fire'],['Sleep'],['Ice'],['Great Forest'],"['Shakalaka', 'Gajalaka']"
29,Furious Rajang,['Gold Lion'],Fanged Beast,Second,['Thunder'],"['Bleeding', 'Thunderblight']",['Ice'],"['Jungle', 'Volcano', 'Tower 3', 'Sacred Pinnacle', 'Ancestral Steppe', 'Primal Forest', 'Everwood', 'Sanctuary', 'Ingle Isle', 'Jurassic Frontier', 'Rotten Vale', 'Hoarfrost Reach', 'Frost Islands', 'Yilufa Snowy Mountains']","['Rajang', 'Voljang', 'Conga', 'Congalala', 'Emerald Congalala', 'Gold Congalala', 'Blango', 'Blangonga', 'Copper Blangonga', 'Lolo Gougarf', 'Ray Gougarf']"
30,Desert Seltas,['Desert Seltas'],Neopteron,Fourth,[],['Paralysis'],"['Thunder', 'Ice']","['Ancestral Steppe', 'Sunken Hollow', 'Everwood']","['Seltas', 'Desert Seltas Queen', 'Seltas Queen']"
31,Lagiacrus,"['Sea Wyvern', 'Lord of the Seas']",Leviathan,Third,['Thunder'],"['Waterblight', 'Thunderblight']",['Fire'],"['Flooded Forest', 'Jungle', 'Misty Peaks', 'Ruined Pinnacle', 'Paupau Beach']","['Ivory Lagiacrus', 'Abyssal Lagiacrus', 'Landconquest Lagiacrus']"
32,Giaprey,['Giaprey'],Bird Wyvern,Second,['Ice'],"['Snowman', 'Iceblight']",['Fire'],"['Old Swamp', 'Snowy Mountains', 'Great Forest', 'Tower', 'Frozen Seaway', 'Arctic Ridge', 'Polar Sea', 'Clamorous Ridge', 'Yilufa Snowy Mountains', 'Glacial Valley']","['Giadrome', 'Genprey', 'Gendrome', 'Ioprey', 'Iodrome', 'Velociprey', 'Velocidrome']"
33,Berserk Tetsucabra,['Wild Demon Frog'],Amphibian,Fourth,[],['Fatigue'],"['Thunder', 'Ice']","['Volcanic Hollow', 'Everwood']",['TetsucabraDrilltusk TetsucabraZamtriosTigerstripe ZamtriosZamiteTetranadon']
34,Daimyo Hermitaur,['Daimyo Hermitaur'],Carapaceon,Second,['Water'],"['Waterblight', 'Poison']",['Thunder'],"['Old Desert', 'Jungle', 'Desert', 'Deserted Island', 'Primal Forest', 'Everwood', 'Dunes', 'Ruined Pinnacle', 'Shrine Ruins', 'Flooded Forest (MHRise)', 'Jungle (MHRS)', ""Interceptor's Base"", 'Tide Island', 'Fortress Ruins', 'Thunderous Sands', 'Kumbel Wetlands', 'Dark Veil Forest', 'Esther Lake', 'Moonlands', 'Firefly Mountain Stream', 'Trese Desert']","['Hermitaur', 'Zenith Daimyo Hermitaur', 'Plum Daimyo Hermitaur', 'Stonefist Hermitaur', 'Gonngenn Hermitaur', 'Ceanataur', 'Shogun Ceanataur', 'Terra Shogun Ceanataur', 'Swordmaster Shogun Ceanataur', 'Rustrazor Ceanataur', 'Onimusha']"
35,Rachnoid,['Vassal Spider'],Temnoceran,Fifth,['Fire'],"['Webbed', 'Fireblight']","['Water', 'Ice']",[],['Rakna-KadakiPyre Rakna-KadakiPyrantulaNerscyllaShrouded Nerscylla']
36,Molten Tigrex,['Great Roaring Wyvern'],Flying Wyvern,Fourth,[],['Blastblight'],"['Water', 'Ice']",[],['TigrexGrimclaw TigrexBrute TigrexDiorekkusuFlame TigrexZenith TigrexTigrex EXUnit-02 TigrexSweet Tooth Tigrex']
37,Valstrax,['Sky Comet Dragon'],Elder Dragon,Fourth,['Dragon'],['Dragonblight'],"['Water', 'Fire', 'Thunder', 'Ice']",[],['Crimson Glow Valstrax']
38,Shen Gaoren,['Shen Gaoren'],Carapaceon,Second,[],[],"['Fire', 'Dragon']",[],['Teppeki Shen GaorenGuren Shen Gaoren']
39,Noios,['(?)'],Wingdrake,Fifth,[],[],"['Water', 'Thunder', 'Ice']",['Guiding Lands'],"['Barnos', 'Mernos', 'Raphinos', 'Cortos']"
40,Drilltusk Tetsucabra,"['Evil Faced Star, Rock Piercer']",Amphibian,Fourth,[],"['Stun', 'Iceblight', 'Fatigue']","['Water', 'Thunder']","['Frozen Seaway', 'Volcanic Hollow', 'Jurassic Frontier', 'Polar Field', 'Ingle Isle']",['TetsucabraBerserk TetsucabraTetsucabraZamtriosTigerstripe ZamtriosZamiteTetranadon']
41,Great Girros,['Paralyzing Thief Wyvern'],Fanged Wyvern,Fifth,[],['Paralysis'],"['Water', 'Ice']",[],"['Girros', 'Jagras', 'Great Jagras', 'Dodogama']"
42,Gargwa,['Gargwa'],Bird Wyvern,Third,[],[],"['Water', 'Fire', 'Thunder', 'Ice']",[],[]
43,Great Jaggi,['Dog Wyvern'],Bird Wyvern,Third,['Thunder'],[],['Fire'],[],['JaggiJaggiaGreat BaggiBaggiGreat WroggiWroggiGreat MaccaoMaccaoGreat IzuchiIzuchi']
44,Copper Blangonga,['Sand Lion'],Fanged Beast,Second,[],['Stun'],['Ice'],['Old Desert'],"['Blangonga', 'Flame Blangonga', 'Blango', 'Zenith Blangonga', 'Conga', 'Congalala', 'Emerald Congalala', 'Gold Congalala', 'Rajang', 'Furious Rajang']"
45,Plesioth,['Water Wyvern'],Piscine Wyvern,First,['Water'],"['Waterblight', 'Sleep']","['Fire', 'Thunder']",[],['Green PlesiothZenith PlesiothSeabream PlesiothWhitewater PlesiothCephalosCephadromeLavasiothLavasioth Subspecies']
46,Bnahabra,['Bnahabra'],Neopteron,Third,[],['Paralysis'],['Fire'],"['Flooded Forest', 'Sandy Plains', 'Tundra', 'Volcano', 'Misty Peaks', 'Ancestral Steppe', 'Sunken Hollow', 'Primal Forest', 'Frozen Seaway', 'Volcanic Hollow', ""Heaven's Mount"", 'Everwood', 'Dunes', 'Jurassic Frontier', 'Ruined Pinnacle', 'Shrine Ruins', 'Frost Islands', 'Sandy Plains (Rise)', 'Flooded Forest (Rise)', 'Lava Caverns', 'Mt. Pondry Caves', 'Wintertide Tunnel', 'Trese Desert', 'Dovan Volcano', 'Aowa Valley']","['Thanksalot Bnahabra', 'Vespoid', 'Vespoid Queen']"
47,Cephalos,['Cephalos'],Piscine Wyvern,First,['Water'],"['Waterblight', 'Paralysis']","['Thunder', 'Ice']",[],['Seabream PlesiothWhitewater PlesiothGreen PlesiothZenith PlesiothCephadromeLavasiothLavasioth SubspeciesPlesiothJyuratodusBeotodus']
48,Crystalbeard Uragaan,['Crystalbeard Uragaan'],Brute Wyvern,Fourth,['Fire'],"['Fireblight', 'Sleep', 'Stun']","['Water', 'Dragon']","['Volcanic Hollow', 'Ingle Isle']","['Uragaan', 'Pumpkin Uragaan', 'Steel Uragaan', 'Radobaan', 'Shiningrock Uragaan', 'Watermelon Uragaan', 'Uragaan EX', 'Rotten Uragaan', 'B.O.W. Uragaan']"
49,Green Plesioth,"['Green Water Wyvern, The Tide, Master of the Giant Lake']",Piscine Wyvern,First,['Water'],"['Waterblight', 'Sleep']","['Fire', 'Thunder']","['Jungle', 'Old Desert', 'Desert', 'Deserted Island', 'Flooded Forest']","['Plesioth', 'Zenith Plesioth', 'Seabream Plesioth', 'Whitewater Plesioth', 'Cephalos', 'Cephadrome', 'Lavasioth', 'Lavasioth Subspecies', 'Jyuratodus', 'Beotodus']"
50,Altaroth,['Shell Insect'],Neopteron,Third,[],['Paralysis'],"['Fire', 'Ice', 'Dragon', 'Water', 'Thunder']",[],['Hornetaur']
51,Red Khezu,['Charging Wyvern'],Flying Wyvern,First,['Thunder'],"['Paralysis', 'Thunderblight']",['Water'],"['Old Swamp', 'Snowy Mountains', 'Swamp', 'Sunken Hollow', 'Frozen Seaway', 'Everwood', 'Dark Veil Forest', 'Esther Lake', 'Yilufa Snowy Mountains', 'Glacial Valley', 'Darj Snowfields', 'Wintertide Tunnel']","['Khezu', 'Giggi', 'Gigginox', 'Yoga Gigginox', 'Virulent Gigginox', 'Baleful Gigginox']"
52,Hypnocatrice,['Sleep Bird'],Bird Wyvern,Second,[],['Sleep'],['Fire'],[],['Breeding Season HypnocatriceGold HypnocatriceSilver HypnocatriceZenith HypnocatriceFarunokku']
53,Espinas,['Espinas'],Flying Wyvern,Fifth,['Fire'],"['Fireblight', 'Poison', 'Paralysis']",['Ice'],[],"['Zenith Espinas', 'Espinas Subspecies', 'Espinas Rare Species', 'Meraginasu', 'Gravios', 'Zenith Gravios', 'Black Gravios', 'Basarios', 'Crystal Basarios', 'Ruby Basarios', 'Sandstone Basarios', 'Gureadomosu', 'Diablos', 'Black Diablos', 'Monoblos', 'Shattered Monoblos', 'White Monoblos', 'Varusaburosu']"
54,Crimson Qurupeco,['Crimson Qurupeco'],Bird Wyvern,Third,['Thunder'],"['Stun', 'Sleep', 'Thunderblight']",['Ice'],"['Flooded Forest', 'Volcano', 'Babda Rainforest', 'Great Tree of Babda']",['Qurupeco']
55,Bulldrome,['Great Boar'],Fanged Beast,Second,[],[],['Thunder'],[],['BullfangoElemental Bulldrome']
56,Tigerstripe Zamtrios,['Tiger Shark'],Amphibian,Fourth,['Water'],"['Waterblight', 'Paralysis']","['Thunder', 'Ice']",[],['ZamtriosZamiteTetsucabraBerserk TetsucabraDrilltusk TetsucabraTetranadon']
57,Apex Rathalos,['Apex Rathalos'],Flying Wyvern,Fifth,['Fire'],"['Fireblight', 'Poison']",['Thunder'],[],['Rathalos']
59,Nightcloak Malfestio,['Nightcloak Malfestio'],Bird Wyvern,Fourth,[],"['Confusion', 'Sleep']",['Water'],[],['Malfestio']
60,Boggi,['Boggi'],Bird Wyvern,Fifth,[],[],[],[],[]
61,Deviljho,['Terrifying Violent Wyvern'],Brute Wyvern,Third,"['Water', 'Dragon']","['Effluvium', 'Waterblight', 'Iceblight', 'Fireblight', 'Dragonblight']","['Thunder', 'Dragon']","['Snowy Mountains', 'Jungle', 'Desert', 'Swamp', 'Volcano', 'Deserted Island', 'Flooded Forest', 'Sandy Plains', 'Tundra', 'Volcano (3rd)', 'Misty Peaks', 'Ancestral Steppe', 'Sunken Hollow', 'Primal Forest', 'Frozen Seaway', 'Volcanic Hollow', ""Heaven's Mount"", 'Everwood', 'Dunes', 'Jurassic Frontier', 'Verdant Hills', 'Marshlands', 'Arctic Ridge', 'Ruined Pinnacle', 'Ancient Forest', 'Wildspire Waste', 'Coral Highlands', 'Rotten Vale', ""Elder's Recess"", 'Guiding Lands', 'Fortress Ruins', 'Ancestral Tomb', 'Firefly Mountain Stream', 'Glacial Valley', 'Pondry Hills', 'Whistill Forest', 'Mt. Celion', 'Ruins of Zalam']","['Savage Deviljho', 'Starving Deviljho', 'Four Heavenly King Deviljho', 'Aberrant Deviljho', 'Abiorugu', 'Giaorugu', 'Zenith Giaorugu']"
62,Qurupeco,['Qurupeco'],Bird Wyvern,Third,['Fire'],"['Fireblight', 'Sleep']","['Water', 'Ice']","['Sandy Plains', 'Misty Peaks', 'Monsonne Plains']",['Crimson Qurupeco']
63,Dodogama,['Rock Thief Wyvern'],Fanged Wyvern,Fifth,[],['Blastblight'],['Thunder'],[],"['Great Jagras', 'Jagras', 'Great Girros', 'Girros', 'Shamos']"
64,Abyssal Lagiacrus,"['Dark Sea Wyvern', 'Master of the Wave', 'Consumer of the World', 'Devil of the Sea']",Leviathan,Third,['Thunder'],"['Waterblight', 'Thunderblight']",['Dragon'],[],['LagiacrusIvory LagiacrusLandconquest Lagiacrus']
65,Lunastra,['Flame Queen Dragon'],Elder Dragon,Second,"['Fire', 'Dragon']",['Fireblight'],"['Dragon', 'Ice']","['Old Volcano', 'Desert', 'Old Desert', 'Tower', 'Wildspire Waste', ""Elder's Recess"", 'Seliana Supply Cache', 'Guiding Lands', 'Ghost Rune Volcanoes']","['Teostra', 'Toa Tesukatora']"
66,Uroktor,['Uroktor'],Leviathan,Third,['Fire'],['Fireblight'],['Water'],"['Volcano (3rd)', 'Volcanic Hollow', 'Lava Caverns', 'Dovan Volcano']","['Uroktor EX', 'Agnaktor', 'Glacial Agnaktor', 'Agnaktor EX', 'Purgatory Agnaktor']"
67,Popo,['波波'],Herbivore,Second,[],[],['Fire'],"['Tundra', 'Frozen Seaway', 'Arctic Ridge', 'Hoarfrost Reach', 'Frost Islands', 'Clamorous Ridge', 'Yilufa Snowy Mountains', 'Glacial Valley', 'Darj Snowfields']",[]
68,Remobra,['Remobra'],"Flying Wyvern(2nd Gen, Frontier Gen)Snake Wyvern(4th Gen)",Second,[],['Poison'],"['Water', 'Dragon']","['Old Volcano', 'Jungle', 'Desert', 'Swamp', 'Volcano', 'Tower', 'Great Desert', 'Ancestral Steppe', 'Frozen Seaway', 'Volcanic Hollow', ""Heaven's Mount"", 'Dunes', 'Ruined Pinnacle', 'Shrine Ruins', 'Frost Islands', 'Sandy Plains (Rise)', 'Flooded Forest (Rise)', 'Lava Caverns', 'Citadel', 'Gorge', ""Interceptor's Base"", 'Painted Waterfalls', 'Ghost Rune Volcanoes', 'Ancient Tower', 'Great Fortress Lake', 'Beacon Walls', 'Riverleaf Valley', 'Ruins of Zalam']",[]
69,Epioth,['Epioth'],Herbivore,Third,['Water'],[],"['Fire', 'Thunder', 'Ice']",['Flooded Forest'],['N/A']
70,Desert Seltas Queen,['Desert Seltas Queen'],Neopteron,Fourth,['Water'],"['Waterblight', 'Soiled', 'Stun']","['Water', 'Thunder', 'Ice']",['Everwood'],"['Seltas Queen', 'Seltas', 'Desert Seltas']"
71,Khezu,"['Charging Wyvern', 'Strange Wyvern', 'Blank Stare']",Flying Wyvern,First,['Thunder'],"['Paralysis', 'Thunderblight', 'Stun']",['Fire'],"['Old Swamp', 'Snowy Mountains', 'Swamp', 'Sunken Hollow', 'Frozen Seaway', 'Everwood', 'Marshlands', 'Arctic Ridge', 'Frost Islands', 'Lava Caverns', 'Red Stronghold', 'Fortress Ruins', 'Kumbel Wetlands', 'Clamorous Ridge', 'Yilufa Snowy Mountains', 'Wintertide Tunnel', 'Darj Snowfields', '']","['Zenith Khezu', 'Red Khezu']"
72,Hellblade Glavenus,"['Black Knight of Ferocious Flames, Incinerating Blade']",Brute Wyvern,Fourth,['Fire'],"['Fireblight', 'Blastblight']","['Water', 'Ice']","['Jungle', 'Volcano', 'Volcanic Hollow', 'Ingle Isle', 'Dunes', 'Desert', 'Tower 3']","['Glavenus', 'Acidic Glavenus']"
73,Ruiner Nergigante,['Extinction Dragon'],Elder Dragon,Fifth,[],['Bleeding'],['Dragon'],[],['Nergigante']
74,Aurora Somnacanth,['Ice Mermaid Wyvern'],Leviathan,Fifth,['Ice'],['Iceblight'],[],[],['Somnacanth']
75,Glacial Agnaktor,['Freeze Pike Wyvern'],Leviathan,Third,"['Water', 'Ice']","['Waterblight', 'Iceblight']",['Fire'],['Mt. Celion'],"['Agnaktor', 'Uroktor', 'Agnaktor EX', 'Uroktor EX', 'Purgatory Agnaktor']"
76,Deadeye Yian Garuga,['One-Eyed'],Bird Wyvern,Fourth,['Fire'],"['Fireblight', 'Poison']","['Water', 'Ice']","['Jurassic Frontier', 'Jungle', 'Volcanic Hollow', 'Tower 3', 'Sanctuary', 'Ruined Pinnacle']","['Yian Garuga', 'Scarred Yian Garuga', 'One-Eared Yian Garuga', 'Yian Kut-Ku', 'Blue Yian Kut-Ku']"
77,Hallowed Jhen Mohran,['Hallowed Jhen Mohran'],Elder Dragon,Third,[],[],['Fire'],[],"['Jhen Mohran', ""Dah'ren Mohran""]"
78,Wind Serpent Ibushi,"['Wind God Dragon', 'Breath of Ire', 'Serpent God of Wind', 'Source of the Rampage']",Elder Dragon,Fifth,['Dragon'],['Dragonblight'],"['Fire', 'Dragon']",[],['Thunder Serpent NarwaNarwa the Allmother']
79,Blue Yian Kut-Ku,['Blue Yian Kut-Ku'],Bird Wyvern,First,['Fire'],['Fireblight'],"['Water', 'Thunder']","['Jungle', 'Old Jungle', 'Swamp', 'Old Swamp', 'Tide Island', 'Everwood', 'Ancestral Steppe', 'Hermit Forest', 'Clamorous Ridge', 'Dark Veil Forest', 'Pondry Hills']","['Yian Kut-Ku', 'Yian Garuga', 'Deadeye Yian Garuga', 'One-Eared Yian Garuga', 'Scarred Yian Garuga?']"
80,Congalala,['Congalala'],Fanged Beast,Second,[],"['Soiled', 'Poison', 'Blastblight', 'Fireblight', 'Paralysis', 'Sleep']",['Fire'],"['Old Swamp', 'Jungle', 'Swamp', 'Sunken Hollow', 'Primal Forest', ""Heaven's Mount"", 'Everwood', 'Jurassic Frontier', 'Marshlands', 'Ruined Pinnacle', 'Flower Field', 'Fortress Ruins', 'Kumbel Wetlands', 'Esther Lake', 'Babda Rainforest', 'Peculiar Den']","['Conga', 'Emerald Congalala', 'Gold Congalala', 'Blango', 'Blangonga', 'Copper Blangonga', 'Rajang', 'Furious Rajang']"
81,Lavasioth,['Lavasioth'],Piscine Wyvern,Second,['Fire'],['Fireblight'],['Water'],"[""Elder's Recess"", 'Guiding Lands', 'Sky Corridor', 'Ghost Rune Volcanoes']","['Lavasioth Subspecies', 'Aruganosu', 'Goruganosu', 'Jyuratodus', 'Beotodus Seabream Plesioth', 'Whitewater Plesioth Green Plesioth', 'Zenith Plesioth', 'Cephalos', 'Cephadrome', 'Plesioth']"
82,Great Baggi,['Great Baggi'],Bird Wyvern,Third,['Ice'],['Sleep'],['Fire'],"['Deserted Island', 'Frost Islands', 'Mt. Celion', 'Ruins of Zalam']",['BaggiGreat JaggiJaggiJaggiaGreat WroggiWroggiGreat MaccaoMaccaoGreat IzuchiIzuchi']
83,Konchu,['Konchu'],Neopteron,Fourth,[],[],"['Fire', 'Ice', 'Dragon', 'Water', 'Thunder']",[],['N/A']
84,Beotodus,['Frozen Fish Wyvern'],Piscine Wyvern,Fifth,['Ice'],['Iceblight'],"['Fire', 'Thunder']",[],"['LavasiothJyuratodus', 'Lavasioth Subspecies', 'Aruganosu', 'Goruganosu', 'Seabream Plesioth', 'Whitewater Plesioth Green Plesioth', 'Zenith Plesioth', 'Cephalos', 'Cephadrome', 'Plesioth']"
85,Apex Arzuros,['Apex Arzuros'],Fanged Beast,Fifth,[],['Stun'],['Thunder'],[],['Arzuros']
86,Rusted Kushala Daora,['Steel Dragon'],Elder Dragon,Second,"['Dragon', 'Ice']","['Rust', 'Iceblight']","['Water', 'Dragon']","['Town', 'Polar Field', 'Battlequarters', ""Interceptor's Base""]","['Kushala Daora', 'Garuba Daora']"
87,Ebony Odogaron,['Wicked Claw Wyvern'],Fanged Wyvern,Fifth,['Dragon'],"['Dragonblight', 'Bleeding']",['Water'],"['Wildspire Waste', ""Elder's Recess"", 'Rotten Vale', 'Coral Highlands', 'Hoarfrost Reach', 'Guiding Lands']",['Odogaron']
88,Apex Rathian,['Apex Rathian'],Flying Wyvern,Fifth,['Fire'],"['Fireblight', 'Poison']",['Thunder'],[],['Rathian']
89,Bloodbath Diablos,['Bloodbath Diablos'],Flying Wyvern,Fourth,[],[],['Water'],[],['DiablosBlack DiablosGilded DiablosApex Diablos']
90,Great Izuchi,"['Kamaitachi Wyvern', 'Trinity of Terror']",Bird Wyvern,Fifth,[],[],"['Water', 'Thunder']",[],['IzuchiGreat JaggiJaggiJaggiaGreat BaggiBaggiGreat WroggiWroggiGreat MaccaoMaccao']
91,Gore Magala,['Black Eclipse Wyvern'],???[1]Elder Dragon[2],Fourth,[],[],"['Dragon', 'Fire', 'Thunder', 'Ice']",[],['Chaotic Gore MagalaTenth Angel Gore MagalaShagaru Magala']
92,Odogaron,['Odogaron'],Fanged Wyvern,Fifth,[],['Bleeding'],"['Thunder', 'Ice']",[],['Ebony Odogaron']
93,Genprey,['None'],Bird Wyvern,First,[],['Paralysis'],"['Water', 'Thunder', 'Ice']","['Old Swamp', 'Desert', 'Swamp', 'Great Forest', 'Sunken Hollow', 'Primal Forest', 'Everwood', 'Dunes', 'Marshlands', 'Gorge', 'Thunderous Sands', 'Moonlands', 'Riverleaf Valley', 'Monsonne Plains', 'Trese Desert']","['Gendrome', 'Ioprey', 'Iodrome', 'Giaprey', 'Giadrome', 'Velociprey', 'Velocidrome']"
94,Jagras,['Jagras'],Fanged Wyvern,Fifth,[],['Effluvium'],"['Fire', 'Thunder']",[],"['Great Jagras', 'Girros', 'Great Girros', 'Dodogama']"
95,Ancient Leshen,['?'],Relict,Fifth,[],['Bleeding'],['Fire'],[],['Leshen']
96,Snowbaron Lagombi,['Snowbaron Lagombi'],Fanged Beast,Fourth,['Ice'],"['Snowman', 'Iceblight', 'Stun']","['Fire', 'Thunder']","['Frozen Seaway', 'Polar Field']","['Lagombi', 'Arzuros', 'Redhelm Arzuros', 'Kumashira', 'Volvidon', 'Christmas Volvidon', 'Black Star Beast Volvidon', 'Witch Lagombi']"
97,Mizutsune,"['Bubble Fox Wyvern', 'Bewitching Dancer']",Leviathan,Fourth,['Water'],['Waterblight'],"['Thunder', 'Dragon']",[],['Soulseer MizutsuneApex MizutsuneThunderbubble MizutsuneAlmudronMagma Almudron']
98,Shogun Ceanataur,['Sickle Crab'],Carapaceon,Second,['Water'],"['Bleeding', 'Waterblight', 'Poison']","['Thunder', 'Ice']","['Swamp', 'Volcano', 'Marshlands', 'Ruined Pinnacle', 'Flooded Forest (Rise)', 'Lava Caverns', ""Interceptor's Base"", 'Tide Island', 'Sky Corridor', 'Fortress Ruins', 'Kumbel Wetlands', 'Dark Veil Forest', 'Ghost Rune Volcanoes']","['Ceanataur', 'Swordmaster Shogun Ceanataur', 'Terra Shogun Ceanataur', 'Rustrazor Ceanataur', 'Onimusha', 'Hermitaur', 'Daimyo Hermitaur', 'Stonefist Hermitaur', 'Plum Daimyo Hermitaur', 'Zenith Daimyo Hermitaur', 'Gonngenn Hermitaur']"
99,Emerald Congalala,['Emerald Congalala'],Fanged Beast,Second,[],"['Soiled', 'Poison', 'Blastblight', 'Fireblight', 'Paralysis', 'Sleep']",['Ice'],[],['CongaCongalalaGold CongalalaBlangoBlangongaCopper BlangongaRajangFurious Rajang']
100,Rustrazor Ceanataur,['Rustrazor Ceanataur'],Carapaceon,Fourth,['Water'],"['Waterblight', 'Bleeding']","['Thunder', 'Ice']",[],"['Ceanataur', 'Shogun Ceanataur', 'Terra Shogun Ceanataur', 'Swordmaster Shogun Ceanataur', 'Onimusha', 'Hermitaur', 'Daimyo Hermitaur', 'Plum Daimyo Hermitaur', 'Stonefist Hermitaur', 'Gonngenn Hermitaur', 'Zenith Daimyo Hermitaur']"
101,Stygian Zinogre,"['Hell Wolf Wyvern', 'Emperor of Hell']",Fanged Wyvern,Third,"['Thunder', 'Dragon']","['Dragonblight', 'Paralysis']",['Thunder'],"['Tower', 'Tundra', 'Volcano (3rd)', 'Sunken Hollow', 'Frozen Seaway', 'Volcanic Hollow', ""Heaven's Mount"", 'Everwood', ""Elder's Recess"", 'Hoarfrost Reach', 'Guiding Lands', 'Nest Hole', 'Fortress Ruins', 'Ghost Rune Volcanoes', 'Glacial Valley', 'Ruins of Zalam']","['Zinogre', 'Apex Zinogre', 'Thunderlord Zinogre', 'Howling Zinogre', 'Immortal Zinogre', 'FFBE Zinogre']"
103,Narwa the Allmother,"['Thunder God Dragon', 'Lady of Lightning', 'Serpent Goddess of Thunder', 'Source of the Rampage']",Elder Dragon,Fifth,['Thunder'],['Thunderblight'],"['Dragon', 'Ice']",[],"['Thunder Serpent Narwa', 'Wind Serpent Ibushi']"
104,Black Gravios,['Black Armor Wyvern'],Flying Wyvern,First,['Fire'],"['Fireblight', 'Poison', 'Sleep']",['Water'],"['Old Volcano', 'Swamp', 'Volcano', 'Primal Forest', 'Volcanic Hollow', 'Everwood', ""Interceptor's Base"", 'Dark Veil Forest', 'Ghost Rune Volcanoes', 'Babda Rainforest', 'Peculiar Den']","['Gravios', 'Basarios', 'Crystal Basarios', 'Ruby Basarios', 'Sandstone Basarios', 'Gureadomosu', 'Diablos', 'Black Diablos', 'Monoblos', 'Shattered Monoblos', 'White Monoblos', 'Varusaburosu', 'Espinas', 'Zenith Espinas', 'Espinas Subspecies', 'Espinas Rare Species', 'Meraginasu']"
105,Felyne,['Felyne'],Lynian,First,[],[],"['Water', 'Fire', 'Thunder', 'Ice']",[],"['Goruru', 'Melynx', 'Metaru']"
106,Ceadeus,['Ceadeus'],Elder Dragon,Third,"['Water', 'Dragon']","['Dragonblight', 'Waterblight']","['Thunder', 'Dragon']",[],['Goldbeard Ceadeus']
107,Izuchi,['镰鼬龙 (Simplified Chinese)'],Bird Wyvern,Fifth,[],[],"['Water', 'Thunder']",[],['Great Izuchi']
108,Ceanataur,['Ceanataur'],Carapaceon,Second,[],['Poison'],['Thunder'],[],"['Shogun Ceanataur', 'Swordmaster Shogun Ceanataur', 'Terra Shogun Ceanataur', 'Rustrazor Ceanataur', 'Onimusha', 'Hermitaur', 'Daimyo Hermitaur', 'Stonefist Hermitaur', 'Plum Daimyo Hermitaur', 'Gonngenn Hermitaur', 'Zenith Daimyo Hermitaur']"
109,Fatalis,"['Black Dragon', 'The Dark Demise', 'Black Flame']",Elder Dragon,First,"['Fire', 'Dragon']","['Bleeding', 'Dragonblight', 'Fireblight', 'Blastblight']","['Fire', 'Dragon']",[],['Crimson FatalisWhite FatalisDire Miralis']
110,Vespoid Queen,['Insect Queen'],Neopteron,Second,[],['Paralysis'],['Fire'],['Jungle'],['Vespoid']
111,Grimalkyne,['Grimalkyne'],Lynian,Fifth,[],[],[],"['Wildspire Waste', 'Coral Highlands', 'Rotten Vale', ""Elder's Recess"", 'Hoarfrost Reach', 'Guiding Lands']","['Felyne', 'Melynx']"
112,Ludroth,['Ludroth'],Leviathan,Third,['Water'],['Waterblight'],"['Fire', 'Thunder']","['Flooded Forest', 'Misty Peaks', 'Flooded Forest (Rise)', 'Lava Caverns', 'Jungle (MHRS)', 'Monsonne Plains', 'Alcala']","['Royal Ludroth', 'Purple Ludroth']"
113,Jade Barroth,['Ice Crushing Wyvern'],Brute Wyvern,Third,['Ice'],"['Snowman', 'Iceblight']","['Fire', 'Thunder']","['Mt. Celion', 'Ruins of Zalam']","['Barroth', 'Barroth EX']"
114,Amatsu,['Amatsu'],Elder Dragon,Third,"['Water', 'Dragon']","['Dragonblight', 'Waterblight']","['Fire', 'Dragon']",[],['None']
115,Pyre Rakna-Kadaki,['Blazing Empress Spider'],Temnoceran,Fifth,['Fire'],"['Webbed', 'Fireblight', 'Blastblight']",[],[],['PyrantulaRakna-KadakiRachnoidNerscyllaShrouded Nerscylla']
116,Rathalos,"['Fire Wyvern', 'King of the Skies']",Flying Wyvern,First,['Fire'],"['Fireblight', 'Poison', 'Stun']","['Ice', 'Water', 'Thunder', 'Dragon']","['Old Swamp', 'Old Volcano', 'Volcano', 'Tower', 'Tower 3', 'Deserted Island', 'Volcano (3rd)', 'Ancestral Steppe', 'Volcanic Hollow', ""Heaven's Mount"", 'Tower Summit', 'Everwood', 'Jurassic Frontier', 'Verdant Hills', 'Ruined Pinnacle', 'Ancient Forest', ""Elder's Recess"", 'Guiding Lands', 'Shrine Ruins', 'Lava Caverns', 'Red Stronghold', 'Citadel', 'Gorge', 'Highland', ""Interceptor's Base"", 'Fortress Ruins', 'Esther Lake', 'Moonlands', 'Ghost Rune Volcanoes', 'Firefly Mountain Stream', 'Pondry Hills']","['Dreadking Rathalos', 'Zenith Rathalos', 'Flame Rathalos', 'Destruction Wyvern Rathalos', 'Azure Rathalos', 'Silver Rathalos', 'Apex Rathalos', 'Rathian', 'Scorching Heat Rathian', 'Dreadqueen Rathian', 'Conflagration Rathian', 'Pink Rathian', 'Gold Rathian', 'Apex Rathian', 'Zerureusu']"
117,Yian Kut-Ku,['Strange Bird'],Bird Wyvern,First,['Fire'],['Fireblight'],"['Water', 'Ice']","['Old Jungle', 'Old Volcano', 'Jungle', 'Swamp', 'Ancestral Steppe', 'Everwood', 'Jurassic Frontier', 'Verdant Hills', 'Marshlands', 'Ruined Pinnacle', 'Tide Island', 'Fortress Ruins', 'Hermit Forest', 'Esther Lake', 'Pondry Hills']","['Blue Yian Kut-Ku', 'Yian Garuga', 'Deadeye Yian Garuga', 'One-Eared Yian Garuga', 'Scarred Yian Garuga']"
118,Xeno'jiiva,"[""Xeno'jiiva""]",Elder Dragon,Fifth,"['Fire', 'Dragon']","['Dragonblight', 'Fireblight']","['Fire', 'Ice', 'Dragon', 'Water', 'Thunder']",[],"[""Safi'jiiva""]"
119,Apceros,['Apceros'],Herbivore,First,[],[],"['Fire', 'Thunder']",[],"['Aptonoth', 'Aptonoth EX']"
120,Zamite,['Zamite '],Amphibian,Fourth,['Ice'],['Iceblight'],"['Fire', 'Thunder']",[],['ZamtriosTigerstripe ZamtriosTetsucabraBerserk TetsucabraDrilltusk TetsucabraTetranadon']
121,Ahtal-Ka,['Ahtal-Ka'],Neopteron,Fourth,[],['Webbed'],"['Water', 'Thunder']",[],['(?)']
122,Ukanlos,"['The Tyrant of Ice, The White God, Avalanche Wyvern']",Flying Wyvern,Second,['Ice'],"['Snowman', 'Iceblight']","['Fire', 'Thunder']",['Polar Field'],"['Akantor', 'Odibatorasu']"
123,Volvidon,['Volvidon'],Fanged Beast,Third,['Thunder'],"['Paralysis', 'Soiled']",['Water'],[],['Christmas VolvidonBlack Star Beast VolvidonArzurosRedhelm ArzurosApex ArzurosKumashiraLagombiSnowbaron LagombiWitch LagombiGoss HaragCanyneBombadgy']
124,Giggi,['Giggi'],Flying Wyvern,Third,[],['Poison'],['Fire'],[],['GigginoxBaleful GigginoxVirulent GigginoxYoga GigginoxKhezuRed KhezuZenith Khezu']
125,Crimson Fatalis,['Crimson Dragon'],Elder Dragon,First,"['Fire', 'Dragon']","['Fireblight', 'Blastblight']","['Dragon', 'Ice']","['Ingle Isle', 'Deep Crater']","['Fatalis', 'White Fatalis', 'Dire Miralis']"
126,Glavenus,['Cutting Wyvern'],Brute Wyvern,Fourth,['Fire'],"['Fireblight', 'Bleeding']","['Water', 'Dragon', 'Ice']",[],['Acidic GlavenusHellblade Glavenus']
127,Moofah,['Moofah'],Herbivore,Fourth,[],[],"['Water', 'Fire', 'Thunder', 'Ice']",[],['None']
128,Girros,['Girros'],Fanged Wyvern,Fifth,[],"['Effluvium', 'Paralysis']",['Thunder'],[],"['Great Girros', 'Jagras', 'Great Jagras', 'Dodogama']"
129,Acidic Glavenus,['Sulfuric Cutting Wyvern'],Brute Wyvern,Fifth,[],[],['Fire'],['Guiding Lands'],"['Glavenus', 'Hellblade Glavenus']"
130,Slagtoth,['Slagtoth'],Herbivore,Third,[],[],"['Thunder', 'Ice']",[],['Rhenoplos']
131,Thunder Serpent Narwa,"['Thunder God Dragon', 'Lady of Lightning', 'Serpent Goddess of Thunder', 'Source of the Rampage']",Elder Dragon,Fifth,['Thunder'],"['Thunderblight', 'Stun']","['Dragon', 'Ice']",[],['Wind Serpent IbushiNarwa the Allmother']
132,Lagombi,"['White Rabbit Beast', 'Silver Slider']",Fanged Beast,Third,['Ice'],"['Snowman', 'Iceblight']","['Fire', 'Thunder']",[],['Snowbaron LagombiWitch LagombiArzurosRedhelm ArzurosApex ArzurosKumashiraVolvidonBlack Star Beast VolvidonChristmas VolvidonGoss HaragCanyneBombadgy']
133,Gigginox,['Creeping Venom Wyvern'],Flying Wyvern,Third,['Ice'],['Poison'],['Fire'],[],['GiggiBaleful GigginoxVirulent GigginoxYoga GigginoxKhezuRed KhezuZenith Khezu']
134,Nibelsnarf,['Latent Mouth Wyvern'],Leviathan,Third,[],['Waterblight'],"['Thunder', 'Ice']","['Dunes', 'Desert']","['Gobul', 'Witch Gobul']"
135,Dalamadur,['Serpent King Dragon'],Elder Dragon,Fourth,[],['Paralysis'],['Dragon'],[],['Shah Dalamadur']
136,Gammoth,['Gammoth'],Fanged Beast,Fourth,['Ice'],"['Snowman', 'Iceblight']","['Fire', 'Thunder']",[],['Elderfrost Gammoth']
137,Somnacanth,"['Mermaid Wyvern', 'Soporific Siren']",Leviathan,Fifth,[],"['Sleep', 'Waterblight', 'Blastblight', 'Stun']","['Fire', 'Thunder']",[],['Aurora Somnacanth']
138,Yama Tsukami,['Yama Tsukami'],Elder Dragon,Second,['Fire'],['Paralysis'],"['Dragon', 'Ice']","['Tower', 'Tower 2', ""Interceptor's Base"", 'Ancient Tower']","['Great Thunderbug', 'Yama Kurai']"
139,Velociprey,['Velociprey'],Bird Wyvern,First,[],[],[],"['Old Jungle', 'Old Desert', 'Old Swamp', 'Snowy Mountains', 'Jungle', 'Great Forest', 'Primal Forest', 'Everwood', 'Verdant Hills', 'Jungle (MHRS)', 'Tide Island', 'Sky Corridor', 'Solitude Island Depths', 'Painted Waterfalls', 'Dawnwind Valley', 'Esther Lake', 'Firefly Mountain Stream', 'Ancient Tower', 'Riverleaf Valley', 'Pondry Hills', 'Mt. Pondry Caves']","['Velocidrome', 'White Velociprey', 'Giaprey', 'Giadrome', 'Genprey', 'Gendrome', 'Ioprey', 'Iodrome']"
140,Gobul,['Gobul'],Leviathan,Third,['Water'],"['Waterblight', 'Paralysis', 'Stun']","['Fire', 'Thunder']",[],['Witch GobulNibelsnarf']
141,Gypceros,['Gypceros'],Bird Wyvern,First,[],"['Poison', 'Stun']",['Fire'],"['Old Jungle', 'Old Swamp', 'Jungle', 'Swamp', 'Ancestral Steppe', 'Sunken Hollow', 'Primal Forest', 'Everwood', 'Jurassic Frontier', 'Verdant Hills', 'Marshlands', 'Ruined Pinnacle', 'Fortress Ruins', 'Sky Corridor', 'Kumbel Wetlands', 'Babda Rainforest']",['Purple Gypceros']
142,Alatreon,['Blazing Black Dragon'],Elder Dragon,Third,"['Fire', 'Dragon', 'Ice', 'Water', 'Thunder']","['Waterblight', 'Iceblight', 'Snowman', 'Fireblight', 'Dragonblight', 'Thunderblight']","['Water', 'Dragon', 'Fire', 'Ice']","['Ingle Isle', 'Secluded Valley']",['Disufiroa']
143,Vespoid Queen,['Insect Queen'],Neopteron,Second,[],['Paralysis'],['Fire'],['Jungle'],['Vespoid']
144,Nargacuga,"['Swift Wyvern', 'Pouncing Shadow']",Flying Wyvern,Second,['Water'],"['Poison', 'Bleeding']","['Fire', 'Thunder']","['Old Jungle', 'Old Swamp', 'Jungle', 'Swamp', 'Great Forest', 'Tower 3', 'Deserted Island', 'Flooded Forest', 'Misty Peaks', 'Sanctuary', 'Jurassic Frontier', 'Ancient Forest', 'Coral Highlands', 'Guiding Lands', 'Shrine Ruins', 'Flooded Forest (Rise)', 'Jungle (MHRS)', 'Red Stronghold', 'Fortress Ruins', 'Esther Lake', 'Ancestral Tomb', 'Firefly Mountain Stream', 'Mt. Pondry Caves']","['Green Nargacuga', 'Lucent Nargacuga', 'Silverwind Nargacuga', 'Blinking Nargacuga', 'Fiercewater Nargacuga', 'Barioth', 'Sand Barioth', 'Frostfang Barioth', 'Frozen Barioth']"
145,Barioth,"['Ice Tusk Wyvern', 'Flurry of Frosted Fangs']",Flying Wyvern,Third,['Ice'],"['Snowman', 'Iceblight']","['Fire', 'Thunder']","['Polar Sea', 'Snowy Mountains', 'Arctic Ridge', 'Frozen Seaway', 'Polar Field', 'Hoarfrost Reach', 'Guiding Lands', 'Frost Islands', 'Citadel', 'Fortress Ruins', 'Yilufa Snowy Mountains', 'Glacial Valley', 'Mt. Celion', 'Ruins of Zalam']","['Sand Barioth', 'Frostfang Barioth', 'Frozen Barioth', 'Nargacuga', 'Green Nargacuga', 'Lucent Nargacuga', 'Silverwind Nargacuga', 'Blinking Nargacuga', 'Fiercewater Nargacuga']"
146,Leshen,['Leshen'],Relict,Fifth,[],['Bleeding'],['Fire'],[],['Ancient Leshen']
147,Seregios,['Seregios'],Flying Wyvern,Fourth,['Fire'],['Bleeding'],"['Water', 'Thunder', 'Ice']",[],['Demonic Seregios']
148,Shamos,['Shamos'],Fanged Wyvern,Fifth,[],[],"['Fire', 'Thunder']",[],"['Jagras', 'Great Jagras', 'Girros', 'Great Girros', 'Dodogama']"
149,Wulg,['Wulg'],Fanged Wyvern,Fifth,[],[],['Fire'],['Guiding Lands'],[]
150,Kestodon,['Kestodon'],Herbivore,Fifth,[],[],"['Water', 'Ice']",[],['DuramborosBanbaroGastodon']
151,Garangolm,['Garangolm'],Fanged Beast,Fifth,"['Water', 'Fire']","['Fireblight', 'Waterblight']",[],[],[]
152,Blangonga,['Snow Lion'],Fanged Beast,Second,['Ice'],"['Snowman', 'Iceblight']",['Fire'],"['Arctic Ridge', ""Interceptor's Base"", 'Fortress Ruins', 'Yilufa Snowy Mountains', 'Glacial Valley']","['Blango', 'Copper Blangonga', 'Flame Blangonga', 'Zenith Blangonga', 'Rajang', 'Furious Rajang', 'Conga', 'Congalala', 'Emerald Congalala', 'Gold Congalala']"
153,Radobaan,['Radobaan'],Brute Wyvern,Fifth,[],['Sleep'],"['Dragon', 'Ice']",[],"['Uragaan', 'Pumpkin Uragaan', 'Crystalbeard Uragaan', 'Steel Uragaan', 'Shiningrock Uragaan', 'Watermelon Uragaan', 'Uragaan EX', 'Rotten Uragaan', 'B.O.W. Uragaan']"
154,Great Maccao,['Great Maccao'],Bird Wyvern,Fourth,[],[],['Fire'],"['Ancestral Steppe', 'Ruined Pinnacle']",['MaccaoGreat JaggiJaggiJaggiaGreat BaggiBaggiGreat WroggiWroggiGreat IzuchiIzuchi']
155,Cortos,['Cortos'],Wingdrake,Fifth,[],[],['Fire'],['Guiding Lands'],"['Barnos', 'Mernos', 'Noios', 'Raphinos']"
156,Stonefist Hermitaur,['Stonefist Hermitaur'],Carapaceon,Fourth,['Water'],['Waterblight'],['Thunder'],"['Dunes', 'Tower 3', 'Desert', 'Ingle Isle']","['Hermitaur', 'Daimyo Hermitaur', 'Plum Daimyo Hermitaur', 'Gonngenn Hermitaur', 'Zenith Daimyo Hermitaur', 'Ceanataur', 'Shogun Ceanataur', 'Swordmaster Shogun Ceanataur', 'Terra Shogun Ceanataur', 'Rustrazor Ceanataur', 'Onimusha']"
157,Vaal Hazak,['Vaal Hazak'],Elder Dragon,Fifth,[],['Effluvium'],"['Fire', 'Dragon']",[],['Blackveil Vaal Hazak']
158,Legiana,['Wind Drifting Wyvern'],Flying Wyvern,Fifth,['Ice'],['Iceblight'],"['Fire', 'Thunder']","['Hoarfrost Reach', 'Guiding Lands']",['Shrieking Legiana']
159,Aknosom,"['Parasol Bird', 'Feathered Frenzy']",Bird Wyvern,Fifth,['Fire'],['Fireblight'],"['Water', 'Thunder']",[],[]
160,Brute Tigrex,['Black Roaring Wyvern'],Flying Wyvern,Third,[],"['Effluvium', 'Waterblight', 'Fireblight']",['Water'],"['Sandy Plains', 'Volcanic Hollow', 'Primal Forest', 'Everwood', 'Dunes', ""Heaven's Mount"", ""Elder's Recess"", 'Guiding Lands', 'Dovan Volcano']","['Tigrex', 'Grimclaw Tigrex', 'Molten Tigrex', 'Diorekkusu', 'Flame Tigrex', 'Zenith Tigrex', 'Tigrex EX', 'Unit-02 Tigrex', 'Sweet Tooth Tigrex']"
161,Najarala,['Twisting Snake Wyvern'],Snake Wyvern,Fourth,[],"['Paralysis', 'Stun']","['Water', 'Ice']",[],['Tidal Najarala']
162,Gastodon,['Gastodon'],Herbivore,Fifth,[],[],['Thunder'],['Guiding Lands'],"['Banbaro', 'Duramboros', 'Kestodon']"
163,Baleful Gigginox,['Baleful Gigginox'],Flying Wyvern,Third,['Thunder'],"['Paralysis', 'Thunderblight']",['Water'],[],['GiggiGigginoxVirulent GigginoxYoga GigginoxKhezuRed KhezuZenith Khezu']
164,Ioprey,['N/A'],Bird Wyvern,First,[],['Poison'],['Water'],"['Old Swamp', 'Old Volcano', 'Fortress', 'Swamp', 'Volcano', 'Great Forest', 'Primal Forest', 'Volcanic Hollow', ""Heaven's Mount"", 'Everwood', 'Dunes', 'Marshlands', ""Interceptor's Base"", 'Solitude Island Depths', 'Kumbel Wetlands', 'Ghost Rune Volcanoes', 'Ancient Tower', 'Beacon Walls', 'Dovan Volcano']","['Iodrome', 'Giaprey', 'Giadrome', 'Velociprey', 'Velocidrome', 'Genprey', 'Gendrome']"
165,Arzuros,['Arzuros'],Fanged Beast,Third,['Water'],[],"['Fire', 'Thunder', 'Ice']","['Deserted Island', 'Flooded Forest', 'Misty Peaks', 'Ruined Pinnacle', 'Shrine Ruins', 'Flooded Forest (Rise)', 'Red Stronghold', 'Pondry Hills', 'Whistill Forest']",['Redhelm ArzurosApex ArzurosKumashiraChristmas VolvidonVolvidonBlack Star Beast VolvidonLagombiSnowbaron LagombiWitch LagombiGoss HaragCanyneBombadgy']
167,Kecha Wacha,['Strange Monkey Fox'],Fanged Beast,Fourth,['Water'],['Waterblight'],"['Fire', 'Thunder']","['Sunken Hollow', 'Primal Forest', 'Everwood', 'Aowa Valley', 'Paupau Beach']",['Ash Kecha WachaBishatenBlood Orange Bishaten']
168,Green Nargacuga,['Green Nargacuga'],Flying Wyvern,Third,[],['Stun'],"['Fire', 'Thunder', 'Ice']","['Flooded Forest', 'Misty Peaks', 'Babda Rainforest', 'Peculiar Den']","['Nargacuga', 'Fiercewater Nargacuga', 'Silverwind Nargacuga', 'Lucent Nargacuga', 'Blinking Nargacuga', 'Barioth', 'Frozen Barioth', 'Sand Barioth']"
169,Mernos,['(?)'],Wingdrake,Fifth,[],['Effluvium'],"['Water', 'Fire', 'Thunder', 'Ice']","['Wildspire Waste', 'Guiding Lands']","['Barnos', 'Noios', 'Raphinos', 'Cortos']"
170,Rajang,"['Gold Lion', 'Destruction Incarnate']",Fanged Beast,Second,['Thunder'],['Thunderblight'],['Ice'],[],"['Enma Rajang', 'Furious Rajang', 'Voljang', 'Blango', 'Blangonga', 'Copper Blangonga', 'Zenith Blangonga', 'Conga', 'Congalala', 'Emerald Congalala', 'Gold Congalala']"
171,Steel Uragaan,['Steel Uragaan'],Brute Wyvern,Third,['Fire'],"['Fireblight', 'Paralysis', 'Soiled']","['Water', 'Dragon']",[],['UragaanCrystalbeard UragaanPumpkin UragaanRadobaanShiningrock UragaanWatermelon UragaanUragaan EXRotten UragaanB.O.W. Uragaan']
172,Lao-Shan Lung,['Old Mountain Dragon'],Elder Dragon,First,['Dragon'],[],['Dragon'],[],['Ashen Lao-Shan LungZorah Magdaros']
173,Nakarkos,['Nakarkos'],Elder Dragon,Fourth,['Dragon'],"['Mucus', 'Blastblight', 'Fireblight', 'Paralysis', 'Dragonblight', 'Thunderblight']","['Fire', 'Dragon']",[],['None']
174,Dreadqueen Rathian,"['Deadly Princess, Violet Poison Princess']",Flying Wyvern,Fourth,['Fire'],"['Fireblight', 'Poison']","['Thunder', 'Dragon']","['Desert', 'Tower 3', 'Misty Peaks', 'Ancestral Steppe', 'Sanctuary', 'Dunes', 'Jurassic Frontier', 'Verdant Hills', 'Marshlands', 'Ruined Pinnacle']","['Rathian', 'Scorching Heat Rathian', 'Conflagration Rathian', 'Pink Rathian', 'Gold Rathian', 'Rathalos', 'Dreadking Rathalos', 'Azure Rathalos', 'Silver Rathalos']"
175,Nergigante,['Extinction Dragon'],Elder Dragon,Fifth,[],[],"['Thunder', 'Dragon']","['Everstream', 'Wildspire Waste', ""Elder's Recess""]",['Ruiner Nergigante']
176,Kulu-Ya-Ku,"['Scratching Bird', 'Ovivore Outlaw']",Bird Wyvern,Fifth,[],"['Fireblight', 'Stun']",['Water'],[],['Tzitzi-Ya-Ku']
177,Gold Rathian,"['Gold Fire Wyvern', 'Golden Moon']",Flying Wyvern,First,['Fire'],"['Fireblight', 'Poison']","['Water', 'Thunder']","['Old Jungle', 'Old Swamp', 'Jungle', 'Tower', 'Tower 3', 'Misty Peaks', 'Tower Summit', 'Jurassic Frontier', 'Ruined Pinnacle', ""Elder's Recess"", 'Guiding Lands', 'Ghost Rune Volcanoes', 'Ancient Tower', 'Monsonne Plains']","['Rathian', 'Dreadqueen Rathian', 'Scorching Heat Rathian', 'Conflagration Rathian', 'Pink Rathian', 'Rathalos', 'Flame Rathalos', 'Destruction Wyvern Rathalos', 'Zenith Rathalos', 'Dreadking Rathalos', 'Azure Rathalos', 'Silver Rathalos', 'Zerureusu']"
178,Delex,['Delex'],Piscine Wyvern,Third,['Water'],['Waterblight'],"['Water', 'Thunder']",[],['None']
179,Blackveil Vaal Hazak,['Blackveil Vaal Hazak'],Elder Dragon,Fifth,[],"['Effluvium', 'Zombification']","['Fire', 'Dragon']",[],['Vaal Hazak']
180,Melynx,['Melynx'],Lynian,First,[],[],"['Water', 'Fire', 'Thunder', 'Ice']",[],['MetaruFelyneGoruru']
181,Ivory Lagiacrus,['Ivory Lagiacrus'],Leviathan,Third,"['Water', 'Thunder']","['Waterblight', 'Thunderblight']","['Fire', 'Dragon']",[],['LagiacrusAbyssal LagiacrusLandconquest Lagiacrus']
182,Zinogre,"['Thunder Wolf Wyvern', 'Lord of Lightning']",Fanged Wyvern,Third,['Thunder'],"['Paralysis', 'Thunderblight']",['Ice'],"['Jungle', 'Great Forest', 'Deserted Island', 'Misty Peaks', 'Sacred Pinnacle', 'Primal Forest', 'Frozen Seaway', ""Heaven's Mount"", 'Everwood', 'Sanctuary', 'Jurassic Frontier', 'Verdant Hills', 'Ruined Pinnacle', 'Ancient Forest', 'Coral Highlands', 'Hoarfrost Reach', 'Guiding Lands', 'Shrine Ruins', 'Flooded Forest (Rise)', 'Red Stronghold', 'Citadel', ""Interceptor's Base"", 'Sky Corridor', 'Fortress Ruins', 'Firefly Mountain Stream', 'Great Tree of Babda']","['Thunderlord Zinogre', 'Apex Zinogre', 'Howling Zinogre', 'Immortal Zinogre', 'Stygian Zinogre', 'FFBE Zinogre']"
183,Seltas Queen,['Heavy Beetle'],Neopteron,Fourth,['Water'],"['Waterblight', 'Soiled', 'Stun']","['Fire', 'Ice']","['Everwood', ""Heaven's Mount"", 'Primal Forest', 'Jungle', 'Jurassic Frontier']","['Seltas', 'Desert Seltas Queen', 'Desert Seltas']"
184,Aptonoth,['None'],Herbivore,First,[],[],"['Water', 'Fire', 'Thunder', 'Ice']","['Old Jungle', 'Old Swamp', 'Snowy Mountains', 'Jungle', 'Swamp', 'Great Forest', 'Tower', 'Deserted Island', 'Sandy Plains', 'Flooded Forest', 'Volcano (3rd)', 'Ancestral Steppe', 'Sunken Hollow', 'Everwood', 'Verdant Hills', 'Marshlands', 'Ruined Pinnacle', 'Ancient Forest', 'Guiding Lands', 'Hermit Forest', 'Esther Lake', 'Ancestral Tomb', 'Pondry Hills', 'Perennial Pass', 'Hakolo Island']","['Apceros', 'Aptonoth EX']"
185,Great Thunderbug,['N/A'],Neopteron,Second,['Thunder'],['Paralysis'],['Water'],"['Old Jungle', 'Old Desert', 'Old Swamp', 'Snowy Mountains', 'Jungle', 'Desert', 'Swamp', 'Great Forest', 'Tower', 'Tower 2', 'Ruined Pinnacle', 'Gorge', 'Polar Sea', 'Flower Field', 'Thunderous Sands', 'Kumbel Wetlands', 'Dark Veil Forest', 'Esther Lake', 'Ancestral Tomb', 'Moonlands', 'Firefly Mountain Stream', 'Ancient Tower', 'Babda Rainforest', 'Peculiar Den', 'Great Tree of Babda']","['Great Dracophage Bug', 'Vespoid', 'Hornetaur', 'Yama Tsukami']"
186,Duramboros,['Duramboros'],Brute Wyvern,Third,[],['Stun'],"['Fire', 'Ice']",[],['Rust DuramborosExplosive Peak DuramborosBanbaroGastodonKestodon']
187,Rakna-Kadaki,"['Empress Spider', 'Wandering Widow']",Temnoceran,Fifth,['Fire'],"['Webbed', 'Fireblight']","['Water', 'Ice']",[],['Pyre Rakna-KadakiRachnoidPyrantulaNerscyllaShrouded Nerscylla']
188,Jhen Mohran,['Jhen Mohran'],Elder Dragon,Third,[],[],"['Dragon', 'Ice']",[],"['Hallowed Jhen Mohran', ""Dah'ren Mohran""]"
189,Pukei-Pukei,['Pukei-Pukei'],Bird Wyvern,Fifth,[],"['Poison', 'Stun']",['Thunder'],[],['Coral Pukei-Pukei']
190,Kirin,['Phantom Beast'],Elder Dragon,First,['Thunder'],"['Paralysis', 'Thunderblight']","['Water', 'Fire']",[],['Oroshi KirinThunder Emperor Kirin']
191,Kelbi,['Kelbi'],Herbivore,First,[],[],"['Water', 'Fire', 'Thunder', 'Ice']","['Old Jungle', 'Old Swamp', 'Snowy Mountains', 'Jungle', 'Swamp', 'Volcano', 'Great Forest', 'Deserted Island', 'Flooded Forest', 'Sandy Plains', 'Volcano (3rd)', 'Misty Peaks', 'Ancestral Steppe', 'Sunken Hollow', 'Primal Forest', 'Volcanic Hollow', ""Heaven's Mount"", 'Everwood', 'Dunes', 'Jurassic Frontier', 'Verdant Hills', 'Marshlands', 'Wildspire Waste', 'Coral Highlands', 'Guiding Lands', 'Shrine Ruins', 'Flooded Forest (Rise)', 'Sandy Plains (Rise)', 'Citadel', 'Jungle (MHRS)', 'Flower Field', 'Hermit Forest', 'Esther Lake', 'Firefly Mountain Stream', 'Ancient Tower', 'Pondry Hills', 'Whistill Forest', 'Perennial Pass']",[]
192,Basarios,"['Rock Wyvern', 'Bellowing Boulder']",Flying Wyvern,First,['Fire'],"['Fireblight', 'Poison', 'Sleep']","['Water', 'Dragon']","['Old Volcano', 'Swamp', 'Volcano', 'Volcanic Hollow', 'Everwood', 'Marshlands', 'Ruined Pinnacle', 'Sandy Plains (Rise)', 'Lava Caverns', 'Red Stronghold', 'Sky Corridor', 'Dark Veil Forest', 'Ghost Rune Volcanoes']","['Crystal Basarios', 'Ruby Basarios', 'Sandstone Basarios', 'Gravios', 'Black Gravios', 'Diablos', 'Black Diablos', 'Monoblos', 'Shattered Monoblos', 'White Monoblos', 'Varusaburosu', 'Espinas', 'Zenith Espinas', 'Espinas Subspecies', 'Espinas Rare Species', 'Meraginasu']"
193,Uragaan,['Uragaan'],Brute Wyvern,Third,['Fire'],"['Fireblight', 'Sleep']","['Water', 'Dragon', 'Ice']","['Volcano (3rd)', 'Volcanic Hollow', ""Elder's Recess"", 'Guiding Lands', 'Deserted Island', 'Fortress Ruins', 'Ghost Rune Volcanoes', 'Dovan Volcano']","['Crystalbeard Uragaan', 'Pumpkin Uragaan', 'Uragaan EX', 'Steel Uragaan', 'Radobaan', 'Watermelon Uragaan', 'Shiningrock Uragaan', 'Rotten Uragaan', 'B.O.W. Uragaan']"
194,Barnos,['(?)'],Wingdrake,Fifth,[],[],['Dragon'],"['Everstream', ""Elder's Recess"", 'Guiding Lands']","['Noios', 'Raphinos', 'Mernos', 'Cortos']"
195,Anteka,['Anteka'],Herbivore,Second,[],[],"['Water', 'Fire', 'Thunder', 'Ice']","['Tundra', 'Arctic Ridge', 'Hoarfrost Reach', 'Guiding Lands', 'Frost Islands', 'Yilufa Snowy Mountains', 'Glacial Valley']",['Burukku']
196,Shagaru Magala,"['Heavenly Revolving Dragon', ""Heaven's Wheel""]",Elder Dragon,Fourth,[],[],"['Dragon', 'Fire', 'Ice']",[],"['Gore Magala', 'Chaotic Gore Magala', 'Tenth Angel Gore Magala']"
197,Bombadgy,['Tanuki Beast'],Fanged Beast,Fifth,[],[],"['Water', 'Fire', 'Thunder', 'Ice']",[],['LagombiSnowbaron LagombiWitch LagombiArzurosRedhelm ArzurosApex ArzurosKumashiraVolvidonBlack Star Beast VolvidonChristmas VolvidonGoss HaragCanyne']
198,Silver Rathalos,['Silver Rathalos'],Flying Wyvern,First,['Fire'],"['Fireblight', 'Poison', 'Stun']","['Water', 'Thunder']","['Old Swamp', 'Tower', 'Tower 3', 'Misty Peaks', 'Tower Summit', 'Jurassic Frontier', 'Verdant Hills', 'Ruined Pinnacle', ""Elder's Recess"", 'Guiding Lands', 'Ancient Tower', 'Pondry Hills']","['Rathalos', 'Dreadking Rathalos', 'Flame Rathalos', 'Destruction Wyvern Rathalos', 'Azure Rathalos', 'Rathian', 'Scorching Heat Rathian', 'Conflagration Rathian', 'Dreadqueen Rathian', 'Pink Rathian', 'Gold Rathian', 'Zerureusu']"
199,Raphinos,['(?)'],Wingdrake,Fifth,[],['Effluvium'],['Thunder'],"['Rotten Vale', 'Guiding Lands']","['Barnos', 'Mernos', 'Noios', 'Cortos']"
200,Gendrome,['Gendrome'],Bird Wyvern,First,[],"['Paralysis', 'Stun']","['Water', 'Ice']",[],['GenpreyGiapreyGiadromeIopreyIodromeVelocipreyVelocidrome']
201,Sand Barioth,['Sand Barioth'],Flying Wyvern,Third,[],[],"['Thunder', 'Ice']",['Trese Desert'],"['Barioth', 'Frozen Barioth', 'Nargacuga', 'Fiercewater Nargacuga', 'Silverwind Nargacuga', 'Green Nargacuga', 'Lucent Nargacuga', 'Blinking Nargacuga']"
202,Maccao,['Maccao'],Bird Wyvern,Fourth,[],[],['Fire'],[],['Great Maccao']
203,Purple Ludroth,['Purple Ludroth'],Leviathan,Third,['Water'],['Poison'],"['Fire', 'Thunder']",[],['Royal LudrothLudroth']
204,Rust Duramboros,['Rust Duramboros'],Brute Wyvern,Third,[],['Muddy'],"['Water', 'Ice']",[],"['Duramboros', 'Explosive Peak Duramboros']"
205,Chameleos,"['Mist Dragon', 'Ancient Phantom']",Elder Dragon,Second,"['Water', 'Dragon']","['Poison', 'Paralysis', 'Fatigue']","['Fire', 'Thunder', 'Dragon']","['Jungle', 'Swamp', 'Town', 'Tower 3', 'Kumbel Wetlands', 'Flooded Forest', 'Ancestral Steppe', 'Primal Forest', 'Everwood', 'Battlequarters', 'Verdant Hills', 'Marshlands', 'Ruined Pinnacle', 'Shrine Ruins', 'Flooded Forest (Rise)']",['Namielle']
206,Thunderlord Zinogre,['Thunderlord Zinogre'],Fanged Wyvern,Fourth,['Thunder'],"['Thunderblight', 'Stun']",['Ice'],[],"['Zinogre', 'Howling Zinogre', 'Immortal Zinogre', 'Stygian Zinogre', 'FFBE Zinogre']"
207,Tetranadon,"['Kappa Frog', 'Amphibious Wrestler']",Amphibian,Fifth,['Water'],"['Waterblight', 'Stun']","['Fire', 'Thunder']",[],['TetsucabraBerserk TetsucabraDrilltusk TetsucabraZamtriosTigerstripe ZamtriosZamite']
208,Rathian,"['Female Fire Wyvern', 'Queen of the Land']",Flying Wyvern,First,['Fire'],"['Fireblight', 'Poison']","['Water', 'Thunder', 'Dragon']","['Old Jungle', 'Old Desert', 'Old Swamp', 'Jungle', 'Desert', 'Swamp', 'Great Forest', 'Tower', 'Tower 3', 'Deserted Island', 'Sandy Plains', 'Flooded Forest', 'Misty Peaks', 'Ancestral Steppe', 'Sunken Hollow', 'Primal Forest', ""Heaven's Mount"", 'Everwood', 'Tower Summit', 'Dunes', 'Jurassic Frontier', 'Verdant Hills', 'Marshlands', 'Ruined Pinnacle', 'Ancient Forest', 'Wildspire Waste', 'Guiding Lands', 'Shrine Ruins', 'Sandy Plains (Rise)', 'Flooded Forest (Rise)', 'Lava Caverns', 'Jungle (MHRS)', 'Red Stronghold', 'Great Forest Peak', 'Gorge', 'Highland', ""Interceptor's Base"", 'Fortress Ruins', 'Dawnwind Valley', 'Dark Veil Forest', 'Esther Lake', 'Ancestral Tomb', 'Moonlands', 'Firefly Mountain Stream', 'Monsonne Plains']","['Dreadqueen Rathian', 'Scorching Heat Rathian', 'Conflagration Rathian', 'Pink Rathian', 'Gold Rathian', 'Rathalos']"
209,Royal Ludroth,['Royal Ludroth'],Leviathan,Third,['Water'],['Waterblight'],"['Fire', 'Thunder']",[],"['Ludroth', 'Purple Ludroth']"
210,Crimson Glow Valstrax,"['Silver Wing of the Evil Star', 'Sky Comet Dragon', 'Comet of Doom', 'Star of Despair']",Elder Dragon,Fifth,['Dragon'],['Dragonblight'],"['Water', 'Fire', 'Thunder', 'Ice']",[],['Valstrax']
211,Scorned Magnamalo,[],Fanged Wyvern,Fifth,[],['Hellfireblight'],[],[],['Magnamalo']
212,Blango,['Blango'],Fanged Beast,Second,['Ice'],"['Snowman', 'Iceblight']",['Fire'],"['Arctic Ridge', 'Yilufa Snowy Mountains', 'Glacial Valley']","['Blangonga', 'Copper Blangonga', 'Flame Blangonga', 'Zenith Blangonga', 'Conga', 'Congalala', 'Emerald Congalala', 'Gold Congalala', 'Rajang', 'Furious Rajang']"
213,Great Wroggi,['Great Wroggi'],Bird Wyvern,Third,['Fire'],['Poison'],"['Water', 'Ice']",[],['WroggiGreat JaggiJaggiJaggiaGreat BaggiBaggiGreat MaccaoMaccaoGreat IzuchiIzuchi']
214,Almudron,"['Elderly Mud Wyvern', 'Hermit of the Swamp']",Leviathan,Fifth,['Water'],"['Waterblight', 'Muddy']","['Fire', 'Ice']",[],['Magma AlmudronMizutsune']
215,Agnaktor,['Agnaktor'],Leviathan,Third,['Fire'],['Fireblight'],"['Ice', 'Water', 'Dragon']",[],['UroktorAgnaktor EXGlacial AgnaktorUroktor EXPurgatory Agnaktor']
216,Ruby Basarios,['Peach Rock Wyvern'],Flying Wyvern,Fourth,['Fire'],"['Fireblight', 'Poison', 'Sleep', 'Stun']",['Ice'],['Mt. Pondry Caves'],"['Basarios', 'Crystal Basarios', 'Sandstone Basarios', 'Gravios', 'Black Gravios', 'Diablos', 'Black Diablos', 'Monoblos', 'Shattered Monoblos', 'White Monoblos', 'Varusaburosu', 'Espinas', 'Zenith Espinas', 'Espinas Subspecies', 'Espinas Rare Species', 'Meraginasu']"
217,Dreadking Rathalos,"['Darkness Lord, Black Flame King']",Flying Wyvern,Fourth,['Fire'],"['Fireblight', 'Poison']","['Thunder', 'Dragon']","['Volcano', 'Deserted Island', 'Ancestral Steppe', 'Volcanic Hollow', 'Jurassic Frontier', 'Ingle Isle', 'Tower 3', 'Ruined Pinnacle', 'Sanctuary']","['Rathalos', 'Flame Rathalos', 'Destruction Wyvern Rathalos', 'Zenith Rathalos', 'Azure Rathalos', 'Silver Rathalos', 'Apex Rathalos', 'Rathian', 'Conflagration Rathian', 'Scorching Heat Rathian', 'Pink Rathian', 'Gold Rathian', 'Dreadqueen Rathian', 'Apex Rathian', 'Zerureusu']"
218,Namielle,['Abyssal Dragon'],Elder Dragon,Fifth,"['Water', 'Thunder']","['Waterblight', 'Thunderblight']",['Fire'],['Guiding Lands'],['Chameleos']
219,Iodrome,['Iodrome'],Bird Wyvern,First,[],['Poison'],"['Water', 'Thunder']","['Old Volcano', 'Swamp', 'Volcano', 'Primal Forest', 'Volcanic Hollow', ""Heaven's Mount"", 'Everwood', 'Ingle Isle', 'Marshlands', 'Kumbel Wetlands', 'Esther Lake', 'Ghost Rune Volcanoes', 'Whistill Forest', 'Dovan Volcano']","['Ioprey', 'Genprey', 'Gendrome', 'Velociprey', 'Velocidrome', 'Giaprey', 'Giadrome']"
220,Blood Orange Bishaten,['Blood Orange Bishaten'],Fanged Beast,Fifth,['Fire'],['Fireblight'],[],[],['BishatenKecha WachaAsh Kecha Wacha']
221,Ashen Lao-Shan Lung,['Ashen Lao-Shan Lung'],Elder Dragon,First,['Dragon'],[],"['Fire', 'Dragon']",[],"['Lao-Shan Lung', 'Zorah Magdaros']"
222,Yian Garuga,['Black Wolf Bird'],Bird Wyvern,Second*,['Fire'],"['Fireblight', 'Poison']",['Water'],[],['Deadeye Yian GarugaOne-Eared Yian GarugaScarred Yian GarugaYian Kut-KuBlue Yian Kut-Ku']
223,Velocidrome,['Velocidrome'],Bird Wyvern,First,[],[],"['Thunder', 'Ice']",[],['VelocipreyGenpreyGendromeIopreyIodromeGiapreyGiadrome']
224,Seething Bazelgeuse,['Seething Bazelgeuse'],Flying Wyvern,Fifth,['Fire'],"['Fireblight', 'Blastblight']",['Ice'],[],['Bazelgeuse']
225,Apex Mizutsune,['Apex Mizutsune'],Leviathan,Fifth,['Water'],"['Waterblight', 'Blastblight', 'Hellfireblight']",['Ice'],[],['MizutsuneSoulseer MizutsuneThunderbubble MizutsuneAlmudron']
226,Bullfango,['Bullfango'],Herbivore (1st Gen)Fanged Beast (2nd Gen onwards),First,[],[],"['Fire', 'Thunder']",[],['BulldromeMosswine']
227,Jaggia,['Jaggia'],Bird Wyvern,Third,[],[],['Fire'],"['Sandy Plains', 'Misty Peaks', 'Ancestral Steppe', 'Sunken Hollow', ""Heaven's Mount"", 'Everwood', 'Sandy Plains (Rise)', 'Aowa Valley', 'Paupau Beach']","['Jaggi', 'Great Jaggi']"
228,Apex Diablos,['Apex Diablos'],Flying Wyvern,Fifth,[],[],[],[],['Diablos']
229,Boaboa,['Boaboa'],Lynian,Fifth,[],"['Poison', 'Paralysis', 'Sleep']",[],"['Wildspire Waste', 'Coral Highlands', 'Rotten Vale', ""Elder's Recess"", 'Hoarfrost Reach', 'Guiding Lands']",['Grimalkyne']
230,Larinoth,['Larinoth'],Herbivore,Fourth,[],[],"['Water', 'Fire', 'Thunder', 'Ice']",[],['None']
231,Plum Daimyo Hermitaur,['Plum Daimyo Hermitaur'],Carapaceon,Second,['Water'],['Waterblight'],"['Thunder', 'Ice']","['Old Desert', 'Jungle', 'Primal Forest', 'Dunes', 'Everwood', 'Monsonne Plains']","['Hermitaur', 'Daimyo Hermitaur', 'Stonefist Hermitaur', 'Gonngenn Hermitaur', 'Zenith Daimyo Hermitaur', 'Ceanataur', 'Shogun Ceanataur', 'Swordmaster Shogun Ceanataur', 'Terra Shogun Ceanataur', 'Rustrazor Ceanataur', 'Onimusha']"
232,Giadrome,['Giadrome'],Bird Wyvern,Second,['Ice'],"['Snowman', 'Iceblight']",['Fire'],"['Arctic Ridge', 'Frozen Seaway', 'Clamorous Ridge', 'Yilufa Snowy Mountains']","['Giaprey', 'Gendrome', 'Iodrome', 'Velocidrome']"
233,Velkhana,['Velkhana'],Elder Dragon,Fifth,['Ice'],['Iceblight'],"['Fire', 'Thunder', 'Dragon']","['Wildspire Waste', 'Coral Highlands', 'Rotten Vale', ""Elder's Recess"", 'Hoarfrost Reach', 'Seliana Supply Cache', 'Guiding Lands']",['None']
234,Vespoid,['Vespoid'],Neopteron,First,[],['Paralysis'],['Fire'],[],['Vespoid QueenBnahabra']
235,Astalos,['Astalos'],Flying Wyvern,Fourth,['Thunder'],"['Paralysis', 'Thunderblight', 'Stun']","['Water', 'Ice']",[],['Boltreaver Astalos']
236,Paolumu,['Floating Sky Wyvern'],Flying Wyvern,Fifth,[],[],"['Fire', 'Thunder']",[],['Nightshade Paolumu']
237,Shakalaka,['Shakalaka'],Lynian,Second,[],"['Poison', 'Sleep']",['Ice'],"['Old Volcano', 'Snowy Mountains', 'Desert', 'Volcano', 'Great Forest', 'Tower', 'Fortress Ruins', 'Clamorous Ridge', 'Dark Veil Forest', 'Mt. Pondry Caves']","['Felyne', 'King Shakalaka', 'Melynx', 'Gajalaka']"
238,Great Jagras,['Great Jagras'],Fanged Wyvern,Fifth,[],[],['Fire'],[],['JagrasGirrosGreat GirrosDodogama']
239,Fulgur Anjanath,['Fulgur Anjanath'],Brute Wyvern,Fifth,['Thunder'],['Thunderblight'],"['Water', 'Ice']",[],['Anjanath']
240,Tidal Najarala,['Tidal Najarala'],Snake Wyvern,Fourth,['Water'],"['Waterblight', 'Paralysis']","['Fire', 'Thunder']",[],['Najarala']
241,Tobi-Kadachi,['Tobi-Kadachi'],Fanged Wyvern,Fifth,['Thunder'],['Thunderblight'],['Water'],"['Guiding Lands', 'Shrine Ruins', 'Flooded Forest (Rise)']",['Viper Tobi-Kadachi']
242,Monoblos,['Monoblos'],Flying Wyvern,First,[],[],"['Thunder', 'Ice']",[],['White MonoblosShattered MonoblosDiablosBlack DiablosGilded DiablosSteel Armor DiablosVarusaburosuGraviosBlack GraviosBasariosCrystal BasariosRuby BasariosSandstone BasariosGureadomosuEspinasZenith EspinasEspinas SubspeciesEspinas Rare SpeciesMeraginasu']
243,Tigrex,['Roaring Wyvern'],Flying Wyvern,Second,"['Water', 'Dragon', 'Fire', 'Ice']","['Effluvium', 'Waterblight', 'Iceblight', 'Snowman', 'Fireblight']","['Thunder', 'Dragon']",[],['Brute TigrexMolten TigrexGrimclaw TigrexZenith TigrexFlame TigrexUnit-02 TigrexSweet Tooth TigrexTigrex EX']
244,Lunagaron,['Lunagaron'],Fanged Wyvern,Fifth,['Ice'],"['Iceblight', 'Stun']",[],[],[]
245,Dire Miralis,['Dire Miralis'],Elder Dragon,Third,['Fire'],['Fireblight'],"['Dragon', 'Ice']",[],"['Fatalis', 'Crimson Fatalis', 'White Fatalis']"
246,Magnamalo,"['Malice Tiger Wyvern', 'Wyvern of Malice', 'Devourer of the Rampage', 'Barbarous Beast']",Fanged Wyvern,Fifth,[],['Hellfireblight'],"['Water', 'Thunder']",[],['Scorned Magnamalo']
247,Terra Shogun Ceanataur,['Sickle Crab'],Carapaceon,Second,['Water'],[],"['Water', 'Thunder']","['Swamp', 'Old Swamp']","['Ceanataur', 'Shogun Ceanataur', 'Rustrazor Ceanataur', 'Swordmaster Shogun Ceanataur', 'Onimusha', 'Hermitaur', 'Daimyo Hermitaur', 'Stonefist Hermitaur', 'Plum Daimyo Hermitaur', 'Gonngenn Hermitaur', 'Zenith Daimyo Hermitaur']"
248,Raging Brachydios,['Crushing Wyvern'],Brute Wyvern,Fourth,[],"['Blastscourge', 'Fireblight', 'Blastblight']","['Water', 'Ice']",['Guiding Lands'],"['Brachydios', 'Iceblast Brachydios', 'Unit-01 Brachydios']"
249,Baggi,['Baggi'],Bird Wyvern,Third,[],['Sleep'],['Fire'],[],['Great Baggi']
250,Black Diablos,['Black Horn Wyvern'],Flying Wyvern,First,[],['Stun'],['Ice'],"['Desert', 'Sandy Plains', 'Deserted Island', 'Dunes', 'White Lake', 'Moonlands', 'Wildspire Waste', 'Guiding Lands', 'Trese Desert']","['Diablos', 'Bloodbath Diablos', 'Monoblos', 'Shattered Monoblos', 'White Monoblos', 'Varusaburosu', 'Gravios', 'Black Gravios', 'Basarios', 'Crystal Basarios', 'Ruby Basarios', 'Sandstone Basarios', 'Gureadomosu', 'Espinas', 'Zenith Espinas', 'Espinas Subspecies', 'Espinas Rare Species', 'Meraginasu']"
251,Tetsucabra,['Demon Frog'],Amphibian,Fourth,['Ice'],"['Fatigue', 'Iceblight', 'Frozen']","['Water', 'Thunder']",[],['Berserk TetsucabraDrilltusk TetsucabraZamtriosZamiteTetranadon']
252,Shrouded Nerscylla,['Shrouded Nerscylla'],Temnoceran,Fourth,[],"['Webbed', 'Poison', 'Paralysis']","['Fire', 'Ice']","['Everwood', 'Trese Desert']",['NerscyllaRakna-KadakiPyre Rakna-KadakiRachnoidPyrantula']
253,Silverwind Nargacuga,['Silverwind Nargacuga'],Flying Wyvern,Fourth,[],['Bleeding'],"['Fire', 'Thunder']","['Misty Peaks', 'Jungle', 'Jurassic Frontier', 'Tower 3', 'Sacred Pinnacle', 'Sanctuary']","['Nargacuga', 'Fiercewater Nargacuga', 'Green Nargacuga', 'Lucent Nargacuga', 'Blinking Nargacuga', 'Barioth', 'Frozen Barioth', 'Sand Barioth']"
254,Banbaro,['Banbaro'],Brute Wyvern,Fifth,[],"['Effluvium', 'Waterblight', 'Fireblight', 'Iceblight']","['Fire', 'Dragon']",[],"['Duramboros', 'Kestodon', 'Gastodon']"
255,Kulve Taroth,['Kulve Taroth'],Elder Dragon,Fifth,['Fire'],['Fireblight'],"['Thunder', 'Ice']",[],['None']
256,Zorah Magdaros,['Zorah Magdaros'],Elder Dragon,Fifth,['Fire'],"['Fireblight', 'Stun']","['Water', 'Dragon']",['Everstream'],['Lao-Shan Lung']
257,Frostfang Barioth,['Frostfang Barioth'],Flying Wyvern,Fifth,['Ice'],['Iceblight'],['Fire'],[],['Barioth']
258,Behemoth,['Behemoth'],Elder Dragon,Fifth,"['Fire', 'Thunder']","['Fireblight', 'Bleeding', 'Thunderblight']","['Water', 'Dragon']",[],['None']
259,Apex Zinogre,['Apex Zinogre'],Fanged Wyvern,Fifth,['Thunder'],"['Paralysis', 'Thunderblight']",['Dragon'],[],"['Zinogre', 'Stygian Zinogre', 'Thunderlord Zinogre', 'Howling Zinogre', 'Immortal Zinogre', 'FFBE Zinogre']"
260,Magma Almudron,['Melting Elderly Wyvern'],Leviathan,Fifth,['Fire'],['Fireblight'],[],[],['Almudron']
261,Akantor,"['Supremacy Wyvern, Infernal Black God']",Flying Wyvern,Second,"['Fire', 'Dragon']","['Dragonblight', 'Fireblight']","['Dragon', 'Thunder', 'Ice']","['Lava Canyon', 'Ingle Isle', 'Rock Flowing Field']","['Ukanlos', 'Odibatorasu']"
262,Purple Gypceros,['Purple Gypceros'],Bird Wyvern,First,[],"['Poison', 'Stun']","['Water', 'Fire']","['Jungle', 'Swamp', 'Sunken Hollow', 'Primal Forest', 'Everwood', 'Sky Corridor', 'Hermit Forest', 'Dark Veil Forest', 'Babda Rainforest']",['Gypceros']
263,Wroggi,['Wroggi'],Bird Wyvern,Third,[],['Poison'],['Ice'],[],['Great Wroggi']
264,Grimclaw Tigrex,['Ruinous Hook Claw'],Flying Wyvern,Fourth,[],"['Waterblight', 'Iceblight']","['Thunder', 'Dragon']",[],['TigrexBrute TigrexMolten TigrexDiorekkusuFlame TigrexZenith TigrexTigrex EXUnit-02 TigrexSweet Tooth Tigrex']
265,Shara Ishvalda,['地啼龍'],Elder Dragon,Fifth,[],['Stun'],['Ice'],[],['None']
266,Coral Pukei-Pukei,['Coral Pukei-Pukei'],Bird Wyvern,Fifth,['Water'],['Waterblight'],['Ice'],[],['Pukei-Pukei']
267,Kushala Daora,"['Steel Dragon', 'Shadow Upon the Tempest']",Elder Dragon,Second,"['Ice', 'Dragon']","['Snowman', 'Dragonblight', 'Iceblight']","['Fire', 'Thunder', 'Dragon']","['Jungle', 'Desert', 'Town', 'Tower', 'Tundra', 'Frozen Seaway', 'Tower Summit', 'Everwood', 'Dunes', 'Battlequarters', 'Arctic Ridge', 'Ancient Forest', ""Elder's Recess"", 'Seliana Supply Cache', 'Guiding Lands', 'Frost Islands', 'Sandy Plains (Rise)', 'Jungle (MHRS)', 'Coral Palace', 'Flower Field', 'Fortress Ruins', 'Yilufa Snowy Mountains', 'Mt. Celion']","['Rusted Kushala Daora', 'Garuba Daora']"
268,Dah'ren Mohran,['Huge Mountain Dragon'],Elder Dragon,Fourth,[],[],"['Thunder', 'Dragon']",[],"['Jhen Mohran', 'Hallowed Jhen Mohran']"
269,Anjanath,"['Fierce Jaw Wyvern', 'Relentless Ruffian']",Brute Wyvern,Fifth,['Fire'],['Fireblight'],['Water'],[],['Fulgur Anjanath']
270,Goldbeard Ceadeus,['Goldbeard Ceadeus'],Elder Dragon,Third,['Water'],['Waterblight'],['Dragon'],[],['Ceadeus']
271,Elderfrost Gammoth,['Elderfrost Gammoth'],Fanged Beast,Fourth,['Ice'],"['Snowman', 'Iceblight']","['Fire', 'Thunder']","['Frozen Seaway', 'Polar Field']",['Gammoth']
272,Hornetaur,['Hornetaur'],Neopteron,First,[],[],"['Water', 'Fire']","['Gorge', 'Great Forest', 'Highland', 'Jungle', 'Old Jungle', 'Old Swamp', 'Marshlands', 'Swamp', 'Tide Island', 'Verdant Hills', 'Rotten Vale', 'Citadel', 'Jungle (MHRS)']",['Altaroth']
273,Nerscylla,['Shadow Spider'],Temnoceran,Fourth,[],"['Webbed', 'Poison', 'Sleep']","['Fire', 'Thunder']",[],['Shrouded NerscyllaRakna-KadakiPyre Rakna-KadakiRachnoidPyrantula']
274,Gowngoat,['Gowngoat'],Herbivore,Fifth,[],[],[],[],[]
275,Teostra,"['Flame King Dragon', 'Emperor of Flame']",Elder Dragon,Second,"['Fire', 'Dragon']","['Fireblight', 'Blastblight', 'Stun']","['Water', 'Dragon', 'Ice']","['Volcano', 'Swamp', 'Desert', 'Town', ""Interceptor's Base"", 'Tower', 'Volcanic Hollow', 'Everwood', 'Ingle Isle', 'Dunes', 'Battlequarters', 'Volcano (3rd)', 'Fortress Ruins', 'Ghost Rune Volcanoes', 'Wildspire Waste', ""Elder's Recess"", 'Seliana Supply Cache', 'Guiding Lands', 'Sandy Plains (Rise)', 'Lava Caverns', 'Coral Palace', 'Dovan Volcano']","['Lunastra', 'Toa Tesukatora']"
276,Malfestio,['Malfestio'],Bird Wyvern,Fourth,[],"['Confusion', 'Sleep']","['Water', 'Fire']",[],['Nightcloak Malfestio']
277,Mosswine,['Mosswine'],Herbivore,First,[],[],"['Water', 'Fire', 'Thunder', 'Ice']","['Old Jungle', 'Old Swamp', 'Jungle', 'Swamp', 'Great Forest', 'Verdant Hills', 'Marshlands', 'Ancient Forest', 'Wildspire Waste', 'Rotten Vale', 'Gorge', 'Highland', 'Flower Field', 'Painted Waterfalls', 'Dawnwind Valley', 'Hermit Forest', 'Kumbel Wetlands', 'Dark Veil Forest', 'Esther Lake', 'Ancestral Tomb', 'Ghost Rune Volcanoes', 'Firefly Mountain Stream']","['Bullfango', 'Bulldrome']"
278,Nightshade Paolumu,['Nightshade Paolumu'],Flying Wyvern,Fifth,[],['Sleep'],['Water'],"['Ancient Forest', 'Guiding Lands']",['Paolumu']
279,Oroshi Kirin,['None'],Elder Dragon,Fourth,['Ice'],"['Snowman', 'Iceblight']","['Water', 'Fire']","['Tower Summit', 'Darj Snowfields']","['Kirin', 'Thunder Emperor Kirin']"
280,Redhelm Arzuros,['Redhelm Arzuros'],Fanged Beast,Fourth,[],['Stun'],"['Fire', 'Ice']","['Misty Peaks', 'Jungle', 'Tower 3', 'Sacred Pinnacle']","['Arzuros', 'Kumashira', 'Lagombi', 'Snowbaron Lagombi', 'Witch Lagombi', 'Volvidon', 'Christmas Volvidon', 'Black Star Beast Volvidon']"
281,Lucent Nargacuga,['Lucent Nargacuga'],Flying Wyvern,Third,['Ice'],['Poison'],"['Ice', 'Fire', 'Dragon']",[],"['Nargacuga', 'Fiercewater Nargacuga', 'Silverwind Nargacuga', 'Green Nargacuga', 'Blinking Nargacuga', 'Barioth', 'Frozen Barioth', 'Sand Barioth', '']"
282,Fish,['Fish'],Fish,Third,[],['Paralysis'],"['Fire', 'Ice', 'Dragon', 'Water', 'Thunder']",[],['None']
283,Pyrantula,[],Temnoceran,Fifth,[],['Blastblight'],[],[],['Pyre Rakna-KadakiRachnoidRakna-KadakiNerscyllaShrouded Nerscylla']
284,Gogmazios,['Gogmazios'],Elder Dragon,Fourth,['Fire'],"['Fireblight', 'Tarred']","['Fire', 'Dragon']",[],['None']
285,Jaggi,['Jaggi'],Bird Wyvern,Third,[],[],['Fire'],"['Sandy Plains', 'Misty Peaks', 'Ancestral Steppe', 'Sunken Hollow', ""Heaven's Mount"", 'Dunes', 'Everwood', 'Jurassic Frontier', 'Sandy Plains (Rise)', 'Aowa Valley', 'Paupau Beach']","['Jaggia', 'Great Jaggi']"
287,Zamtrios,['Monster Shark'],Amphibian,Fourth,"['Water', 'Ice']","['Snowman', 'Waterblight', 'Iceblight']","['Fire', 'Thunder']",[],['ZamiteTigerstripe ZamtriosTetsucabraBerserk TetsucabraDrilltusk TetsucabraTetranadon']
288,Rhenoplos,['Rhenoplos'],Herbivore,Third,[],[],"['Water', 'Thunder', 'Ice']","['Volcano (3rd)', 'Ancestral Steppe', 'Sunken Hollow', 'Volcanic Hollow', ""Heaven's Mount"", 'Dunes', 'Everwood', 'Jurassic Frontier', 'Sandy Plains (Rise)', 'Lava Caverns']",['Slagtoth']
289,White Fatalis,['Ancestral Dragon'],Elder Dragon,Second,"['Thunder', 'Dragon']","['Dragonblight', 'Thunderblight']","['Fire', 'Dragon']","['Castle Schrade', 'Fortress Ruins']","['Fatalis', 'Crimson Fatalis', 'Dire Miralis']"
290,Malzeno,['Malzeno'],Elder Dragon,Fifth,['Dragon'],"['Bloodblight', 'Dragonblight']",[],[],[]
291,Diablos,['Diablos'],Flying Wyvern,First,[],[],['Ice'],[],['Bloodbath DiablosApex DiablosGilded DiablosSteel Armor DiablosBlack DiablosMonoblosShattered MonoblosWhite MonoblosVarusaburosuGraviosBlack GraviosZenith GraviosBasariosCrystal BasariosRuby BasariosSandstone BasariosGureadomosuEspinasZenith EspinasEspinas SubspeciesEspinas Rare SpeciesMeraginasu']
